Match_ID,Date,Venue,Team,Opposition,Player_Name,Runs,Balls_Faced,Fours,Sixes,Strike_Rate,Overs_Bowled,Wickets,Runs_Conceded,Economy,Result,Player_of_Match
5,2023-10-09,Dharamsala,Sri Lanka,Pakistan,Dhananjaya de Silva,84,26,21,10,323.08,10,0,76,7.6,Loss,0
42,2023-11-15,Bengaluru,India,Sri Lanka,Ravindra Jadeja,130,66,32,9,196.97,2,0,32,16.0,Loss,0
21,2023-10-25,Hyderabad,South Africa,Afghanistan,Gerald Coetzee,56,100,11,0,56.0,7,1,55,7.86,Win,0
38,2023-11-11,Hyderabad,Netherlands,India,Scott Edwards,36,26,2,1,138.46,2,5,76,38.0,Loss,0
32,2023-11-05,Delhi,Pakistan,England,Saud Shakeel,84,40,5,5,210.0,1,5,36,36.0,Win,0
8,2023-10-12,Hyderabad,Australia,Netherlands,Glenn Maxwell,112,94,5,18,119.15,3,0,7,2.33,Loss,0
6,2023-10-10,Ahmedabad,England,Afghanistan,Liam Livingstone,19,12,0,1,158.33,5,4,10,2.0,Win,0
12,2023-10-16,Bengaluru,England,India,Harry Brook,36,96,7,0,37.5,10,2,27,2.7,Win,0
32,2023-11-05,Delhi,England,Pakistan,Sam Curran,69,47,3,10,146.81,1,4,22,22.0,Loss,0
3,2023-10-07,Chennai,Sri Lanka,Australia,Dhananjaya de Silva,28,78,3,4,35.9,0,5,61,0.0,Loss,0
39,2023-11-12,Lucknow,India,South Africa,Ravindra Jadeja,102,40,6,13,255.0,9,2,68,7.56,Loss,0
24,2023-10-28,Dharamsala,Bangladesh,Netherlands,Mahmudullah,44,86,10,3,51.16,7,2,28,4.0,Loss,0
6,2023-10-10,Ahmedabad,England,Afghanistan,Ben Stokes,3,79,0,0,3.8,5,5,50,10.0,Win,0
21,2023-10-25,Hyderabad,South Africa,Afghanistan,Aiden Markram,48,95,8,6,50.53,7,0,37,5.29,Win,0
28,2023-11-01,Ahmedabad,England,Afghanistan,Jonny Bairstow,71,9,14,0,788.89,0,2,66,0.0,Win,0
6,2023-10-10,Ahmedabad,England,Afghanistan,Joe Root,39,36,7,6,108.33,5,1,74,14.8,Win,0
30,2023-11-03,Pune,Bangladesh,India,Mushfiqur Rahim,143,46,6,15,310.87,10,2,52,5.2,Win,0
34,2023-11-07,Delhi,New Zealand,England,Tom Latham,2,9,0,0,22.22,6,5,17,2.83,Win,0
23,2023-10-27,Delhi,Afghanistan,England,Azmatullah Omarzai,17,96,0,2,17.71,7,1,7,1.0,Loss,0
16,2023-10-20,Lucknow,Sri Lanka,England,Maheesh Theekshana,91,29,12,1,313.79,1,4,78,78.0,Loss,0
8,2023-10-12,Hyderabad,Australia,Netherlands,Marcus Stoinis,54,3,9,9,1800.0,2,5,33,16.5,Loss,0
19,2023-10-23,Ahmedabad,Bangladesh,Netherlands,Najmul Hossain Shanto,147,34,25,4,432.35,2,4,8,4.0,Win,0
29,2023-11-02,Delhi,South Africa,Pakistan,Aiden Markram,115,75,25,10,153.33,10,5,1,0.1,Win,1
34,2023-11-07,Delhi,New Zealand,England,Mitchell Santner,57,94,6,8,60.64,8,5,47,5.88,Win,0
29,2023-11-02,Delhi,Pakistan,South Africa,Mohammad Rizwan,131,96,22,5,136.46,7,3,75,10.71,Loss,0
31,2023-11-04,Ahmedabad,India,Pakistan,Rohit Sharma,119,92,20,2,129.35,2,4,79,39.5,Win,0
15,2023-10-19,Delhi,Sri Lanka,South Africa,Sadeera Samarawickrama,6,52,1,0,11.54,4,2,65,16.25,Loss,0
48,2023-11-21,Chennai,New Zealand,Afghanistan,Daryl Mitchell,52,15,9,2,346.67,8,4,53,6.62,Win,0
43,2023-11-16,Ahmedabad,Sri Lanka,Afghanistan,Pathum Nissanka,22,53,4,0,41.51,2,4,69,34.5,Win,0
37,2023-11-10,Kolkata,Bangladesh,Sri Lanka,Tanzid Hasan,101,47,20,5,214.89,6,0,6,1.0,Loss,0
25,2023-10-29,Dharamsala,Afghanistan,England,Rashid Khan,58,75,8,8,77.33,4,1,64,16.0,Loss,0
12,2023-10-16,Bengaluru,England,India,Joe Root,54,100,12,7,54.0,6,4,54,9.0,Win,0
37,2023-11-10,Kolkata,Sri Lanka,Bangladesh,Kusal Mendis,94,30,9,0,313.33,9,4,11,1.22,Win,0
12,2023-10-16,Bengaluru,England,India,Mark Wood,124,12,2,12,1033.33,1,4,14,14.0,Win,0
35,2023-11-08,Chennai,England,South Africa,Liam Livingstone,129,31,13,1,416.13,4,3,23,5.75,Win,1
46,2023-11-19,Pune,New Zealand,Netherlands,Mitchell Santner,68,39,17,4,174.36,5,2,70,14.0,Loss,0
7,2023-10-11,Ahmedabad,Pakistan,Afghanistan,Saud Shakeel,99,68,4,4,145.59,7,1,30,4.29,Win,0
34,2023-11-07,Delhi,New Zealand,England,Trent Boult,9,99,2,0,9.09,4,4,44,11.0,Win,0
21,2023-10-25,Hyderabad,Afghanistan,South Africa,Azmatullah Omarzai,123,35,22,5,351.43,3,1,72,24.0,Loss,0
18,2023-10-22,Delhi,New Zealand,England,Lockie Ferguson,87,40,5,11,217.5,10,1,63,6.3,Loss,0
18,2023-10-22,Delhi,New Zealand,England,Rachin Ravindra,56,37,9,4,151.35,1,4,2,2.0,Loss,0
42,2023-11-15,Bengaluru,India,Sri Lanka,KL Rahul,14,92,0,2,15.22,2,1,51,25.5,Loss,0
44,2023-11-17,Mumbai,Sri Lanka,England,Matheesha Pathirana,135,18,4,21,750.0,2,4,2,1.0,Loss,0
11,2023-10-15,Hyderabad,South Africa,Pakistan,Temba Bavuma,117,65,21,17,180.0,1,5,63,63.0,Win,0
31,2023-11-04,Ahmedabad,India,Pakistan,Kuldeep Yadav,71,8,14,10,887.5,6,4,27,4.5,Win,0
41,2023-11-14,Ahmedabad,Pakistan,India,Imam-ul-Haq,128,91,20,20,140.66,10,4,53,5.3,Win,0
20,2023-10-24,Delhi,Bangladesh,New Zealand,Shoriful Islam,141,35,19,23,402.86,0,4,60,0.0,Win,0
40,2023-11-13,Ahmedabad,South Africa,Afghanistan,Temba Bavuma,71,82,15,3,86.59,2,1,16,8.0,Win,0
46,2023-11-19,Pune,Netherlands,New Zealand,Aryan Dutt,54,68,7,8,79.41,0,0,11,0.0,Win,0
16,2023-10-20,Lucknow,Sri Lanka,England,Charith Asalanka,118,39,16,11,302.56,8,1,20,2.5,Loss,0
4,2023-10-08,Dharamsala,Australia,Bangladesh,Marnus Labuschagne,108,65,21,16,166.15,6,0,44,7.33,Loss,0
48,2023-11-21,Chennai,New Zealand,Afghanistan,Tom Latham,96,58,10,0,165.52,4,5,45,11.25,Win,0
18,2023-10-22,Delhi,England,New Zealand,Mark Wood,26,40,5,0,65.0,0,4,31,0.0,Win,0
9,2023-10-13,Ahmedabad,England,India,Adil Rashid,101,98,11,4,103.06,10,2,48,4.8,Win,0
8,2023-10-12,Hyderabad,Netherlands,Australia,Teja Nidamanuru,80,74,13,6,108.11,0,1,13,0.0,Win,0
17,2023-10-21,Dharamsala,Bangladesh,Australia,Nasum Ahmed,29,58,5,4,50.0,3,2,47,15.67,Loss,0
44,2023-11-17,Mumbai,Sri Lanka,England,Pathum Nissanka,50,10,7,7,500.0,4,5,56,14.0,Loss,0
25,2023-10-29,Dharamsala,Afghanistan,England,Ibrahim Zadran,120,93,2,11,129.03,9,3,8,0.89,Loss,0
19,2023-10-23,Ahmedabad,Netherlands,Bangladesh,Bas de Leede,141,100,7,2,141.0,2,5,77,38.5,Loss,0
13,2023-10-17,Lucknow,Bangladesh,New Zealand,Shakib Al Hasan,33,65,6,1,50.77,10,1,29,2.9,Win,0
3,2023-10-07,Chennai,Australia,Sri Lanka,David Warner,115,63,28,0,182.54,2,1,24,12.0,Win,0
29,2023-11-02,Delhi,Pakistan,South Africa,Shaheen Afridi,1,8,0,0,12.5,10,0,53,5.3,Loss,0
44,2023-11-17,Mumbai,England,Sri Lanka,Moeen Ali,98,15,15,3,653.33,4,5,64,16.0,Win,0
37,2023-11-10,Kolkata,Bangladesh,Sri Lanka,Shoriful Islam,16,39,1,2,41.03,8,3,29,3.62,Loss,0
41,2023-11-14,Ahmedabad,India,Pakistan,Jasprit Bumrah,41,98,0,6,41.84,1,1,16,16.0,Loss,0
28,2023-11-01,Ahmedabad,England,Afghanistan,Chris Woakes,25,16,0,3,156.25,8,0,79,9.88,Win,0
22,2023-10-26,Chennai,South Africa,Afghanistan,Marco Jansen,82,16,1,7,512.5,0,1,15,0.0,Loss,0
16,2023-10-20,Lucknow,Sri Lanka,England,Pathum Nissanka,94,16,1,10,587.5,9,0,39,4.33,Loss,0
4,2023-10-08,Dharamsala,Australia,Bangladesh,Adam Zampa,142,31,0,20,458.06,5,5,2,0.4,Loss,0
1,2023-10-05,Kolkata,Afghanistan,Australia,Azmatullah Omarzai,130,51,6,20,254.9,8,1,3,0.38,Win,0
34,2023-11-07,Delhi,England,New Zealand,Mark Wood,18,87,1,0,20.69,10,5,21,2.1,Loss,0
7,2023-10-11,Ahmedabad,Pakistan,Afghanistan,Fakhar Zaman,25,43,2,4,58.14,3,2,73,24.33,Win,0
9,2023-10-13,Ahmedabad,England,India,Jos Buttler,35,26,4,2,134.62,7,2,35,5.0,Win,0
1,2023-10-05,Kolkata,Australia,Afghanistan,Steve Smith,32,5,6,1,640.0,8,3,6,0.75,Loss,0
32,2023-11-05,Delhi,Pakistan,England,Shaheen Afridi,16,6,2,1,266.67,1,5,36,36.0,Win,0
2,2023-10-06,Kolkata,Australia,Bangladesh,David Warner,136,62,32,18,219.35,9,3,23,2.56,Win,0
15,2023-10-19,Delhi,Sri Lanka,South Africa,Pathum Nissanka,5,35,1,0,14.29,10,5,59,5.9,Loss,0
46,2023-11-19,Pune,Netherlands,New Zealand,Logan van Beek,149,31,22,15,480.65,3,4,37,12.33,Win,0
9,2023-10-13,Ahmedabad,England,India,Chris Woakes,16,74,0,2,21.62,0,3,61,0.0,Win,0
40,2023-11-13,Ahmedabad,South Africa,Afghanistan,Gerald Coetzee,26,1,2,3,2600.0,6,0,74,12.33,Win,0
22,2023-10-26,Chennai,Afghanistan,South Africa,Azmatullah Omarzai,47,52,5,6,90.38,6,1,74,12.33,Win,1
24,2023-10-28,Dharamsala,Netherlands,Bangladesh,Vikramjit Singh,51,88,5,8,57.95,8,5,25,3.12,Win,1
16,2023-10-20,Lucknow,Sri Lanka,England,Sadeera Samarawickrama,31,51,5,0,60.78,7,4,31,4.43,Loss,0
23,2023-10-27,Delhi,Afghanistan,England,Noor Ahmad,144,58,22,0,248.28,10,0,54,5.4,Loss,0
24,2023-10-28,Dharamsala,Netherlands,Bangladesh,Max O'Dowd,113,5,19,8,2260.0,10,5,32,3.2,Win,0
19,2023-10-23,Ahmedabad,Netherlands,Bangladesh,Colin Ackermann,114,97,5,1,117.53,7,5,37,5.29,Loss,0
10,2023-10-14,Lucknow,Bangladesh,England,Nasum Ahmed,8,79,0,0,10.13,10,2,78,7.8,Win,0
38,2023-11-11,Hyderabad,Netherlands,India,Colin Ackermann,146,35,25,13,417.14,5,4,43,8.6,Loss,0
47,2023-11-20,Bengaluru,England,South Africa,Ben Stokes,66,76,15,0,86.84,6,4,65,10.83,Loss,0
34,2023-11-07,Delhi,England,New Zealand,Chris Woakes,15,18,0,1,83.33,3,5,44,14.67,Loss,0
14,2023-10-18,Hyderabad,Afghanistan,England,Rahmanullah Gurbaz,72,8,0,10,900.0,5,0,67,13.4,Loss,0
37,2023-11-10,Kolkata,Bangladesh,Sri Lanka,Nasum Ahmed,21,75,1,3,28.0,3,1,52,17.33,Loss,0
5,2023-10-09,Dharamsala,Sri Lanka,Pakistan,Pathum Nissanka,89,8,17,11,1112.5,4,0,63,15.75,Loss,0
44,2023-11-17,Mumbai,England,Sri Lanka,Harry Brook,109,50,14,9,218.0,7,3,31,4.43,Win,0
25,2023-10-29,Dharamsala,England,Afghanistan,Mark Wood,125,47,21,3,265.96,6,5,53,8.83,Win,0
19,2023-10-23,Ahmedabad,Netherlands,Bangladesh,Paul van Meekeren,7,2,0,0,350.0,5,0,54,10.8,Loss,0
23,2023-10-27,Delhi,Afghanistan,England,Mohammad Nabi,133,69,28,10,192.75,8,0,18,2.25,Loss,0
17,2023-10-21,Dharamsala,Australia,Bangladesh,Travis Head,115,92,26,14,125.0,10,0,44,4.4,Win,0
37,2023-11-10,Kolkata,Sri Lanka,Bangladesh,Maheesh Theekshana,112,98,28,1,114.29,5,1,24,4.8,Win,0
30,2023-11-03,Pune,Bangladesh,India,Nasum Ahmed,51,15,4,3,340.0,2,4,39,19.5,Win,0
14,2023-10-18,Hyderabad,England,Afghanistan,Mark Wood,45,19,3,1,236.84,5,1,31,6.2,Win,0
33,2023-11-06,Chennai,Bangladesh,South Africa,Mehidy Hasan,78,81,5,2,96.3,7,5,46,6.57,Loss,0
29,2023-11-02,Delhi,South Africa,Pakistan,Marco Jansen,43,29,10,6,148.28,8,3,5,0.62,Win,0
19,2023-10-23,Ahmedabad,Bangladesh,Netherlands,Nasum Ahmed,147,1,7,22,14700.0,6,2,3,0.5,Win,0
20,2023-10-24,Delhi,New Zealand,Bangladesh,Kane Williamson,87,37,16,8,235.14,0,4,50,0.0,Loss,0
22,2023-10-26,Chennai,South Africa,Afghanistan,Gerald Coetzee,101,60,1,1,168.33,9,4,55,6.11,Loss,0
40,2023-11-13,Ahmedabad,South Africa,Afghanistan,Aiden Markram,74,26,18,1,284.62,2,2,37,18.5,Win,0
16,2023-10-20,Lucknow,Sri Lanka,England,Dilshan Madushanka,26,50,6,2,52.0,6,3,76,12.67,Loss,0
14,2023-10-18,Hyderabad,Afghanistan,England,Naveen-ul-Haq,35,97,6,1,36.08,1,0,1,1.0,Loss,0
47,2023-11-20,Bengaluru,South Africa,England,Aiden Markram,125,71,20,9,176.06,9,3,33,3.67,Win,0
13,2023-10-17,Lucknow,Bangladesh,New Zealand,Tanzid Hasan,51,80,1,6,63.75,7,1,0,0.0,Win,0
11,2023-10-15,Hyderabad,Pakistan,South Africa,Shaheen Afridi,96,2,0,0,4800.0,8,4,29,3.62,Loss,0
15,2023-10-19,Delhi,South Africa,Sri Lanka,Gerald Coetzee,148,10,22,23,1480.0,6,4,64,10.67,Win,0
12,2023-10-16,Bengaluru,England,India,Liam Livingstone,93,85,23,3,109.41,4,3,19,4.75,Win,0
36,2023-11-09,Bengaluru,Bangladesh,Australia,Mustafizur Rahman,50,37,4,7,135.14,8,4,53,6.62,Win,0
29,2023-11-02,Delhi,South Africa,Pakistan,Quinton de Kock,78,20,9,12,390.0,2,2,2,1.0,Win,0
39,2023-11-12,Lucknow,India,South Africa,Rohit Sharma,8,9,1,1,88.89,0,2,51,0.0,Loss,0
23,2023-10-27,Delhi,Afghanistan,England,Rahmat Shah,118,31,13,1,380.65,1,1,74,74.0,Loss,0
7,2023-10-11,Ahmedabad,Pakistan,Afghanistan,Hasan Ali,37,2,6,1,1850.0,10,1,16,1.6,Win,0
30,2023-11-03,Pune,Bangladesh,India,Shoriful Islam,33,20,1,5,165.0,7,1,31,4.43,Win,0
2,2023-10-06,Kolkata,Bangladesh,Australia,Tanzid Hasan,89,60,16,1,148.33,0,5,11,0.0,Loss,0
18,2023-10-22,Delhi,England,New Zealand,Liam Livingstone,50,11,7,7,454.55,7,3,40,5.71,Win,0
23,2023-10-27,Delhi,Afghanistan,England,Ibrahim Zadran,78,22,3,12,354.55,10,1,11,1.1,Loss,0
11,2023-10-15,Hyderabad,South Africa,Pakistan,Heinrich Klaasen,98,13,8,6,753.85,6,4,28,4.67,Win,0
1,2023-10-05,Kolkata,Afghanistan,Australia,Hashmatullah Shahidi,58,42,11,2,138.1,6,3,63,10.5,Win,0
30,2023-11-03,Pune,Bangladesh,India,Tanzid Hasan,130,28,25,12,464.29,1,4,48,48.0,Win,0
38,2023-11-11,Hyderabad,Netherlands,India,Teja Nidamanuru,81,76,0,2,106.58,10,3,48,4.8,Loss,0
9,2023-10-13,Ahmedabad,India,England,Hardik Pandya,107,39,14,16,274.36,3,4,24,8.0,Loss,0
24,2023-10-28,Dharamsala,Netherlands,Bangladesh,Teja Nidamanuru,2,94,0,0,2.13,5,4,7,1.4,Win,0
46,2023-11-19,Pune,New Zealand,Netherlands,Daryl Mitchell,20,99,0,3,20.2,2,0,54,27.0,Loss,0
39,2023-11-12,Lucknow,India,South Africa,KL Rahul,140,36,12,11,388.89,4,1,72,18.0,Loss,0
25,2023-10-29,Dharamsala,Afghanistan,England,Rahmat Shah,33,1,8,4,3300.0,6,0,66,11.0,Loss,0
39,2023-11-12,Lucknow,India,South Africa,Jasprit Bumrah,98,82,10,4,119.51,2,5,58,29.0,Loss,0
22,2023-10-26,Chennai,Afghanistan,South Africa,Rashid Khan,81,92,18,3,88.04,6,4,34,5.67,Win,0
15,2023-10-19,Delhi,Sri Lanka,South Africa,Kasun Rajitha,11,32,0,0,34.38,3,1,59,19.67,Loss,0
32,2023-11-05,Delhi,Pakistan,England,Mohammad Rizwan,114,11,6,10,1036.36,0,0,31,0.0,Win,0
29,2023-11-02,Delhi,South Africa,Pakistan,Temba Bavuma,56,49,12,1,114.29,1,4,44,44.0,Win,0
8,2023-10-12,Hyderabad,Australia,Netherlands,Josh Hazlewood,95,88,13,15,107.95,7,5,15,2.14,Loss,0
17,2023-10-21,Dharamsala,Australia,Bangladesh,Glenn Maxwell,137,50,2,12,274.0,10,0,69,6.9,Win,0
28,2023-11-01,Ahmedabad,Afghanistan,England,Ibrahim Zadran,128,68,11,9,188.24,6,0,20,3.33,Loss,0
36,2023-11-09,Bengaluru,Australia,Bangladesh,Marcus Stoinis,68,91,7,6,74.73,0,3,43,0.0,Loss,0
3,2023-10-07,Chennai,Sri Lanka,Australia,Kasun Rajitha,15,24,3,2,62.5,1,0,31,31.0,Loss,0
41,2023-11-14,Ahmedabad,India,Pakistan,Hardik Pandya,51,29,4,8,175.86,10,3,41,4.1,Loss,0
32,2023-11-05,Delhi,Pakistan,England,Fakhar Zaman,8,32,2,1,25.0,0,4,77,0.0,Win,0
12,2023-10-16,Bengaluru,India,England,Rohit Sharma,13,78,1,2,16.67,4,4,37,9.25,Loss,0
33,2023-11-06,Chennai,South Africa,Bangladesh,Gerald Coetzee,143,62,3,12,230.65,9,3,65,7.22,Win,0
1,2023-10-05,Kolkata,Afghanistan,Australia,Fazalhaq Farooqi,13,95,3,2,13.68,7,5,61,8.71,Win,0
27,2023-10-31,Hyderabad,India,South Africa,Shreyas Iyer,61,58,0,10,105.17,1,5,47,47.0,Win,0
22,2023-10-26,Chennai,Afghanistan,South Africa,Naveen-ul-Haq,63,21,15,1,300.0,8,2,55,6.88,Win,0
6,2023-10-10,Ahmedabad,Afghanistan,England,Rahmat Shah,0,8,0,0,0.0,0,2,51,0.0,Loss,0
29,2023-11-02,Delhi,South Africa,Pakistan,Gerald Coetzee,144,16,22,2,900.0,4,1,35,8.75,Win,0
22,2023-10-26,Chennai,South Africa,Afghanistan,Quinton de Kock,25,71,5,2,35.21,0,3,24,0.0,Loss,0
36,2023-11-09,Bengaluru,Australia,Bangladesh,Glenn Maxwell,28,70,6,0,40.0,5,1,44,8.8,Loss,0
31,2023-11-04,Ahmedabad,Pakistan,India,Shaheen Afridi,75,44,5,2,170.45,6,0,47,7.83,Loss,0
5,2023-10-09,Dharamsala,Pakistan,Sri Lanka,Hasan Ali,20,5,1,3,400.0,9,4,21,2.33,Win,0
15,2023-10-19,Delhi,Sri Lanka,South Africa,Maheesh Theekshana,130,99,5,12,131.31,4,1,7,1.75,Loss,0
12,2023-10-16,Bengaluru,India,England,Jasprit Bumrah,28,1,6,2,2800.0,5,4,58,11.6,Loss,0
43,2023-11-16,Ahmedabad,Sri Lanka,Afghanistan,Kusal Mendis,71,88,2,6,80.68,6,5,9,1.5,Win,0
5,2023-10-09,Dharamsala,Sri Lanka,Pakistan,Maheesh Theekshana,94,5,5,2,1880.0,4,4,52,13.0,Loss,0
22,2023-10-26,Chennai,South Africa,Afghanistan,Aiden Markram,127,73,30,0,173.97,3,2,65,21.67,Loss,0
26,2023-10-30,Chennai,New Zealand,Pakistan,Devon Conway,71,7,13,7,1014.29,6,2,15,2.5,Loss,0
21,2023-10-25,Hyderabad,Afghanistan,South Africa,Rashid Khan,67,69,4,8,97.1,0,4,33,0.0,Loss,0
9,2023-10-13,Ahmedabad,England,India,Joe Root,110,24,21,4,458.33,7,0,35,5.0,Win,0
23,2023-10-27,Delhi,Afghanistan,England,Mujeeb Ur Rahman,50,13,2,0,384.62,5,3,50,10.0,Loss,0
26,2023-10-30,Chennai,New Zealand,Pakistan,Daryl Mitchell,125,53,10,4,235.85,10,3,16,1.6,Loss,0
39,2023-11-12,Lucknow,South Africa,India,Lungi Ngidi,95,48,10,6,197.92,9,1,29,3.22,Win,0
45,2023-11-18,Kolkata,Australia,England,Pat Cummins,148,8,0,16,1850.0,6,5,29,4.83,Win,0
9,2023-10-13,Ahmedabad,England,India,Ben Stokes,147,83,34,19,177.11,10,0,61,6.1,Win,0
33,2023-11-06,Chennai,Bangladesh,South Africa,Mahmudullah,100,1,0,9,10000.0,5,1,20,4.0,Loss,0
43,2023-11-16,Ahmedabad,Sri Lanka,Afghanistan,Dhananjaya de Silva,140,98,20,21,142.86,8,3,68,8.5,Win,0
17,2023-10-21,Dharamsala,Bangladesh,Australia,Taskin Ahmed,16,71,3,0,22.54,2,4,79,39.5,Loss,0
44,2023-11-17,Mumbai,Sri Lanka,England,Charith Asalanka,125,87,28,6,143.68,7,0,1,0.14,Loss,0
47,2023-11-20,Bengaluru,South Africa,England,Lungi Ngidi,117,37,29,18,316.22,9,1,47,5.22,Win,0
7,2023-10-11,Ahmedabad,Pakistan,Afghanistan,Haris Rauf,142,21,8,20,676.19,8,1,51,6.38,Win,0
27,2023-10-31,Hyderabad,South Africa,India,Lungi Ngidi,113,27,21,17,418.52,2,3,24,12.0,Loss,0
39,2023-11-12,Lucknow,South Africa,India,Rassie van der Dussen,133,75,5,12,177.33,10,5,65,6.5,Win,0
42,2023-11-15,Bengaluru,India,Sri Lanka,Jasprit Bumrah,99,16,23,0,618.75,0,0,9,0.0,Loss,0
17,2023-10-21,Dharamsala,Australia,Bangladesh,Josh Hazlewood,107,60,24,3,178.33,4,5,23,5.75,Win,0
47,2023-11-20,Bengaluru,South Africa,England,Gerald Coetzee,129,86,19,14,150.0,0,4,71,0.0,Win,0
47,2023-11-20,Bengaluru,South Africa,England,Kagiso Rabada,48,52,0,5,92.31,1,4,17,17.0,Win,1
18,2023-10-22,Delhi,New Zealand,England,Mitchell Santner,85,49,16,1,173.47,5,5,69,13.8,Loss,0
42,2023-11-15,Bengaluru,India,Sri Lanka,Shubman Gill,17,42,3,0,40.48,1,0,72,72.0,Loss,0
18,2023-10-22,Delhi,England,New Zealand,Sam Curran,123,48,10,4,256.25,3,5,69,23.0,Win,1
38,2023-11-11,Hyderabad,Netherlands,India,Sybrand Engelbrecht,125,87,27,15,143.68,2,3,44,22.0,Loss,0
16,2023-10-20,Lucknow,England,Sri Lanka,Chris Woakes,110,96,15,16,114.58,7,0,72,10.29,Win,0
24,2023-10-28,Dharamsala,Bangladesh,Netherlands,Najmul Hossain Shanto,133,7,31,20,1900.0,8,0,54,6.75,Loss,0
1,2023-10-05,Kolkata,Afghanistan,Australia,Mujeeb Ur Rahman,34,78,0,3,43.59,1,3,1,1.0,Win,0
36,2023-11-09,Bengaluru,Australia,Bangladesh,David Warner,45,32,11,0,140.62,8,5,43,5.38,Loss,0
46,2023-11-19,Pune,Netherlands,New Zealand,Max O'Dowd,31,9,6,3,344.44,7,3,34,4.86,Win,0
38,2023-11-11,Hyderabad,India,Netherlands,Mohammed Siraj,135,6,15,15,2250.0,6,5,44,7.33,Win,0
2,2023-10-06,Kolkata,Bangladesh,Australia,Mehidy Hasan,67,33,13,4,203.03,3,2,16,5.33,Loss,0
2,2023-10-06,Kolkata,Australia,Bangladesh,Adam Zampa,127,39,17,7,325.64,0,2,56,0.0,Win,0
45,2023-11-18,Kolkata,England,Australia,Jos Buttler,120,15,5,14,800.0,4,4,53,13.25,Loss,0
8,2023-10-12,Hyderabad,Australia,Netherlands,David Warner,48,71,0,3,67.61,8,0,19,2.38,Loss,0
31,2023-11-04,Ahmedabad,India,Pakistan,Virat Kohli,5,78,1,0,6.41,2,1,2,1.0,Win,0
45,2023-11-18,Kolkata,Australia,England,David Warner,142,27,3,15,525.93,3,2,48,16.0,Win,0
33,2023-11-06,Chennai,Bangladesh,South Africa,Mushfiqur Rahim,30,52,0,3,57.69,0,5,39,0.0,Loss,0
20,2023-10-24,Delhi,Bangladesh,New Zealand,Tanzid Hasan,44,87,7,3,50.57,5,3,45,9.0,Win,0
33,2023-11-06,Chennai,South Africa,Bangladesh,David Miller,70,50,0,2,140.0,3,4,69,23.0,Win,0
5,2023-10-09,Dharamsala,Sri Lanka,Pakistan,Dilshan Madushanka,82,17,20,13,482.35,8,5,0,0.0,Loss,0
16,2023-10-20,Lucknow,England,Sri Lanka,Mark Wood,48,36,3,8,133.33,8,0,61,7.62,Win,0
48,2023-11-21,Chennai,Afghanistan,New Zealand,Azmatullah Omarzai,30,93,7,0,32.26,9,1,28,3.11,Loss,0
25,2023-10-29,Dharamsala,England,Afghanistan,Harry Brook,115,23,12,4,500.0,4,5,40,10.0,Win,1
9,2023-10-13,Ahmedabad,England,India,Liam Livingstone,38,35,2,1,108.57,4,3,43,10.75,Win,0
32,2023-11-05,Delhi,England,Pakistan,Mark Wood,45,25,4,7,180.0,8,1,4,0.5,Loss,0
38,2023-11-11,Hyderabad,Netherlands,India,Logan van Beek,84,25,8,0,336.0,5,2,63,12.6,Loss,0
36,2023-11-09,Bengaluru,Australia,Bangladesh,Josh Hazlewood,28,51,0,2,54.9,2,4,75,37.5,Loss,0
6,2023-10-10,Ahmedabad,Afghanistan,England,Rahmanullah Gurbaz,44,27,8,1,162.96,8,0,55,6.88,Loss,0
10,2023-10-14,Lucknow,Bangladesh,England,Najmul Hossain Shanto,61,77,1,8,79.22,6,3,3,0.5,Win,0
10,2023-10-14,Lucknow,England,Bangladesh,Adil Rashid,38,31,1,3,122.58,1,5,76,76.0,Loss,0
13,2023-10-17,Lucknow,Bangladesh,New Zealand,Litton Das,150,44,37,19,340.91,6,5,44,7.33,Win,0
40,2023-11-13,Ahmedabad,Afghanistan,South Africa,Noor Ahmad,80,89,4,4,89.89,3,2,36,12.0,Loss,0
18,2023-10-22,Delhi,New Zealand,England,Kane Williamson,6,70,0,0,8.57,1,2,19,19.0,Loss,0
17,2023-10-21,Dharamsala,Bangladesh,Australia,Litton Das,9,21,1,0,42.86,10,2,65,6.5,Loss,0
3,2023-10-07,Chennai,Australia,Sri Lanka,Josh Hazlewood,52,60,11,4,86.67,6,3,5,0.83,Win,0
38,2023-11-11,Hyderabad,India,Netherlands,KL Rahul,112,44,0,9,254.55,10,5,71,7.1,Win,0
27,2023-10-31,Hyderabad,South Africa,India,Temba Bavuma,40,54,3,3,74.07,2,3,65,32.5,Loss,0
42,2023-11-15,Bengaluru,Sri Lanka,India,Maheesh Theekshana,73,25,4,10,292.0,4,5,40,10.0,Win,0
14,2023-10-18,Hyderabad,Afghanistan,England,Mohammad Nabi,149,44,35,4,338.64,8,1,61,7.62,Loss,0
43,2023-11-16,Ahmedabad,Sri Lanka,Afghanistan,Kusal Perera,16,26,4,0,61.54,8,2,37,4.62,Win,0
48,2023-11-21,Chennai,New Zealand,Afghanistan,Devon Conway,23,61,2,1,37.7,9,4,26,2.89,Win,0
18,2023-10-22,Delhi,New Zealand,England,Devon Conway,83,82,10,8,101.22,4,3,49,12.25,Loss,0
1,2023-10-05,Kolkata,Afghanistan,Australia,Rahmat Shah,20,33,3,1,60.61,5,4,48,9.6,Win,0
1,2023-10-05,Kolkata,Australia,Afghanistan,Adam Zampa,27,44,3,2,61.36,9,3,61,6.78,Loss,0
2,2023-10-06,Kolkata,Australia,Bangladesh,Pat Cummins,138,16,32,8,862.5,10,5,79,7.9,Win,0
40,2023-11-13,Ahmedabad,South Africa,Afghanistan,Rassie van der Dussen,145,87,5,24,166.67,6,0,45,7.5,Win,0
7,2023-10-11,Ahmedabad,Afghanistan,Pakistan,Mohammad Nabi,52,51,6,2,101.96,5,5,66,13.2,Loss,0
25,2023-10-29,Dharamsala,England,Afghanistan,Moeen Ali,56,60,5,5,93.33,4,0,9,2.25,Win,0
47,2023-11-20,Bengaluru,England,South Africa,Adil Rashid,67,40,15,5,167.5,2,3,39,19.5,Loss,0
41,2023-11-14,Ahmedabad,Pakistan,India,Babar Azam,55,19,8,1,289.47,2,1,0,0.0,Win,0
10,2023-10-14,Lucknow,England,Bangladesh,Ben Stokes,90,77,12,0,116.88,5,2,79,15.8,Loss,0
45,2023-11-18,Kolkata,England,Australia,Joe Root,35,25,6,3,140.0,1,3,66,66.0,Loss,0
27,2023-10-31,Hyderabad,India,South Africa,KL Rahul,137,82,18,3,167.07,10,4,45,4.5,Win,0
43,2023-11-16,Ahmedabad,Sri Lanka,Afghanistan,Maheesh Theekshana,135,51,10,11,264.71,8,1,7,0.88,Win,0
47,2023-11-20,Bengaluru,England,South Africa,Jos Buttler,118,34,5,17,347.06,5,4,57,11.4,Loss,0
41,2023-11-14,Ahmedabad,India,Pakistan,Shubman Gill,112,13,23,17,861.54,5,4,42,8.4,Loss,0
25,2023-10-29,Dharamsala,England,Afghanistan,Liam Livingstone,134,38,20,19,352.63,2,2,46,23.0,Win,0
34,2023-11-07,Delhi,New Zealand,England,Glenn Phillips,112,73,22,9,153.42,2,4,46,23.0,Win,0
36,2023-11-09,Bengaluru,Bangladesh,Australia,Tanzid Hasan,110,53,12,10,207.55,2,3,71,35.5,Win,0
36,2023-11-09,Bengaluru,Australia,Bangladesh,Marnus Labuschagne,31,40,4,2,77.5,3,2,4,1.33,Loss,0
6,2023-10-10,Ahmedabad,Afghanistan,England,Noor Ahmad,66,18,14,3,366.67,5,1,7,1.4,Loss,0
43,2023-11-16,Ahmedabad,Afghanistan,Sri Lanka,Ibrahim Zadran,1,14,0,0,7.14,0,3,43,0.0,Loss,0
7,2023-10-11,Ahmedabad,Pakistan,Afghanistan,Mohammad Rizwan,106,12,25,12,883.33,7,5,59,8.43,Win,0
27,2023-10-31,Hyderabad,India,South Africa,Jasprit Bumrah,3,86,0,0,3.49,6,4,53,8.83,Win,0
5,2023-10-09,Dharamsala,Pakistan,Sri Lanka,Haris Rauf,7,4,1,1,175.0,7,0,66,9.43,Win,0
29,2023-11-02,Delhi,South Africa,Pakistan,Tabraiz Shamsi,137,44,10,14,311.36,0,1,1,0.0,Win,0
43,2023-11-16,Ahmedabad,Sri Lanka,Afghanistan,Dasun Shanaka,18,2,3,0,900.0,9,1,5,0.56,Win,0
21,2023-10-25,Hyderabad,South Africa,Afghanistan,Quinton de Kock,93,40,1,0,232.5,8,5,11,1.38,Win,0
14,2023-10-18,Hyderabad,England,Afghanistan,Adil Rashid,77,77,1,2,100.0,6,4,17,2.83,Win,1
48,2023-11-21,Chennai,Afghanistan,New Zealand,Mohammad Nabi,79,36,19,12,219.44,5,4,70,14.0,Loss,0
20,2023-10-24,Delhi,Bangladesh,New Zealand,Litton Das,136,68,34,16,200.0,1,0,7,7.0,Win,0
2,2023-10-06,Kolkata,Bangladesh,Australia,Taskin Ahmed,127,33,15,11,384.85,10,2,21,2.1,Loss,0
19,2023-10-23,Ahmedabad,Bangladesh,Netherlands,Mahmudullah,29,90,7,4,32.22,7,1,61,8.71,Win,0
36,2023-11-09,Bengaluru,Bangladesh,Australia,Mehidy Hasan,98,72,19,14,136.11,7,2,60,8.57,Win,1
44,2023-11-17,Mumbai,Sri Lanka,England,Kasun Rajitha,22,54,0,3,40.74,7,1,52,7.43,Loss,0
30,2023-11-03,Pune,India,Bangladesh,Virat Kohli,126,19,10,1,663.16,9,4,42,4.67,Loss,0
39,2023-11-12,Lucknow,South Africa,India,Marco Jansen,150,83,24,15,180.72,5,2,72,14.4,Win,0
23,2023-10-27,Delhi,Afghanistan,England,Rahmanullah Gurbaz,13,50,3,1,26.0,3,4,23,7.67,Loss,0
11,2023-10-15,Hyderabad,Pakistan,South Africa,Haris Rauf,76,26,6,1,292.31,5,1,45,9.0,Loss,0
46,2023-11-19,Pune,Netherlands,New Zealand,Sybrand Engelbrecht,37,59,8,2,62.71,8,5,71,8.88,Win,1
12,2023-10-16,Bengaluru,England,India,Adil Rashid,49,49,2,8,100.0,3,1,65,21.67,Win,0
11,2023-10-15,Hyderabad,South Africa,Pakistan,Rassie van der Dussen,6,29,0,0,20.69,5,2,74,14.8,Win,0
9,2023-10-13,Ahmedabad,India,England,Jasprit Bumrah,61,57,15,7,107.02,8,1,29,3.62,Loss,0
39,2023-11-12,Lucknow,South Africa,India,Gerald Coetzee,128,42,18,0,304.76,1,3,54,54.0,Win,0
11,2023-10-15,Hyderabad,South Africa,Pakistan,Lungi Ngidi,23,12,1,2,191.67,10,3,45,4.5,Win,1
29,2023-11-02,Delhi,South Africa,Pakistan,Kagiso Rabada,61,42,11,9,145.24,10,5,15,1.5,Win,0
48,2023-11-21,Chennai,Afghanistan,New Zealand,Naveen-ul-Haq,57,46,1,8,123.91,8,4,26,3.25,Loss,0
6,2023-10-10,Ahmedabad,England,Afghanistan,Sam Curran,142,24,34,16,591.67,4,5,59,14.75,Win,0
11,2023-10-15,Hyderabad,Pakistan,South Africa,Hasan Ali,103,75,2,5,137.33,8,5,72,9.0,Loss,0
26,2023-10-30,Chennai,New Zealand,Pakistan,Mitchell Santner,127,54,28,19,235.19,7,1,62,8.86,Loss,0
9,2023-10-13,Ahmedabad,India,England,Virat Kohli,116,7,8,18,1657.14,7,1,58,8.29,Loss,0
35,2023-11-08,Chennai,England,South Africa,Harry Brook,72,76,8,9,94.74,8,1,47,5.88,Win,0
6,2023-10-10,Ahmedabad,England,Afghanistan,Moeen Ali,43,5,5,1,860.0,5,3,18,3.6,Win,0
21,2023-10-25,Hyderabad,Afghanistan,South Africa,Mujeeb Ur Rahman,108,86,20,18,125.58,2,1,31,15.5,Loss,0
15,2023-10-19,Delhi,South Africa,Sri Lanka,Heinrich Klaasen,51,36,11,5,141.67,6,1,62,10.33,Win,0
8,2023-10-12,Hyderabad,Netherlands,Australia,Aryan Dutt,86,86,20,10,100.0,8,5,39,4.88,Win,0
3,2023-10-07,Chennai,Sri Lanka,Australia,Maheesh Theekshana,100,23,25,9,434.78,5,4,33,6.6,Loss,0
42,2023-11-15,Bengaluru,Sri Lanka,India,Pathum Nissanka,96,41,8,6,234.15,2,1,31,15.5,Win,0
26,2023-10-30,Chennai,Pakistan,New Zealand,Imam-ul-Haq,125,57,16,1,219.3,10,0,72,7.2,Win,0
15,2023-10-19,Delhi,Sri Lanka,South Africa,Matheesha Pathirana,133,32,28,10,415.62,1,3,22,22.0,Loss,0
20,2023-10-24,Delhi,New Zealand,Bangladesh,James Neesham,90,46,22,13,195.65,6,0,46,7.67,Loss,0
43,2023-11-16,Ahmedabad,Sri Lanka,Afghanistan,Dilshan Madushanka,138,53,9,20,260.38,3,3,75,25.0,Win,1
19,2023-10-23,Ahmedabad,Netherlands,Bangladesh,Sybrand Engelbrecht,70,78,8,10,89.74,6,0,18,3.0,Loss,0
17,2023-10-21,Dharamsala,Bangladesh,Australia,Mustafizur Rahman,54,4,7,7,1350.0,1,5,18,18.0,Loss,0
44,2023-11-17,Mumbai,Sri Lanka,England,Dasun Shanaka,113,18,13,7,627.78,4,1,51,12.75,Loss,0
37,2023-11-10,Kolkata,Sri Lanka,Bangladesh,Charith Asalanka,75,29,0,10,258.62,4,1,51,12.75,Win,0
15,2023-10-19,Delhi,South Africa,Sri Lanka,Quinton de Kock,125,11,17,14,1136.36,8,2,8,1.0,Win,0
41,2023-11-14,Ahmedabad,Pakistan,India,Saud Shakeel,16,59,3,0,27.12,6,3,78,13.0,Win,0
13,2023-10-17,Lucknow,New Zealand,Bangladesh,Trent Boult,18,34,4,3,52.94,4,3,26,6.5,Loss,0
2,2023-10-06,Kolkata,Bangladesh,Australia,Mustafizur Rahman,37,51,5,2,72.55,10,1,20,2.0,Loss,0
23,2023-10-27,Delhi,England,Afghanistan,Chris Woakes,137,53,9,13,258.49,4,5,23,5.75,Win,0
48,2023-11-21,Chennai,Afghanistan,New Zealand,Rahmanullah Gurbaz,46,95,7,7,48.42,6,2,20,3.33,Loss,0
8,2023-10-12,Hyderabad,Australia,Netherlands,Mitchell Starc,53,67,2,0,79.1,7,1,34,4.86,Loss,0
44,2023-11-17,Mumbai,England,Sri Lanka,Jos Buttler,89,58,11,1,153.45,10,3,27,2.7,Win,0
36,2023-11-09,Bengaluru,Australia,Bangladesh,Adam Zampa,108,20,8,6,540.0,3,2,18,6.0,Loss,0
20,2023-10-24,Delhi,Bangladesh,New Zealand,Najmul Hossain Shanto,46,15,8,2,306.67,9,3,21,2.33,Win,1
36,2023-11-09,Bengaluru,Australia,Bangladesh,Travis Head,97,5,12,7,1940.0,10,5,78,7.8,Loss,0
2,2023-10-06,Kolkata,Bangladesh,Australia,Nasum Ahmed,47,19,3,2,247.37,0,0,43,0.0,Loss,0
17,2023-10-21,Dharamsala,Bangladesh,Australia,Mahmudullah,36,85,5,6,42.35,4,1,37,9.25,Loss,0
35,2023-11-08,Chennai,England,South Africa,Sam Curran,147,18,2,22,816.67,10,2,68,6.8,Win,0
32,2023-11-05,Delhi,Pakistan,England,Imam-ul-Haq,135,72,26,11,187.5,0,2,41,0.0,Win,0
15,2023-10-19,Delhi,South Africa,Sri Lanka,Rassie van der Dussen,98,21,8,13,466.67,2,3,3,1.5,Win,0
10,2023-10-14,Lucknow,Bangladesh,England,Mushfiqur Rahim,106,98,24,8,108.16,0,1,2,0.0,Win,0
36,2023-11-09,Bengaluru,Bangladesh,Australia,Nasum Ahmed,91,54,8,6,168.52,6,1,27,4.5,Win,0
8,2023-10-12,Hyderabad,Netherlands,Australia,Colin Ackermann,118,12,19,4,983.33,4,5,8,2.0,Win,0
14,2023-10-18,Hyderabad,England,Afghanistan,Ben Stokes,67,50,3,11,134.0,6,1,17,2.83,Win,0
24,2023-10-28,Dharamsala,Netherlands,Bangladesh,Roelof van der Merwe,63,59,9,8,106.78,10,4,17,1.7,Win,0
23,2023-10-27,Delhi,England,Afghanistan,Ben Stokes,12,82,0,0,14.63,3,1,15,5.0,Win,0
31,2023-11-04,Ahmedabad,Pakistan,India,Babar Azam,100,26,21,3,384.62,1,5,21,21.0,Loss,0
12,2023-10-16,Bengaluru,India,England,Mohammed Shami,113,78,1,8,144.87,4,3,25,6.25,Loss,0
28,2023-11-01,Ahmedabad,England,Afghanistan,Moeen Ali,70,13,4,9,538.46,0,2,6,0.0,Win,0
7,2023-10-11,Ahmedabad,Afghanistan,Pakistan,Fazalhaq Farooqi,96,38,12,14,252.63,3,4,51,17.0,Loss,0
8,2023-10-12,Hyderabad,Australia,Netherlands,Travis Head,117,86,27,7,136.05,0,0,12,0.0,Loss,0
22,2023-10-26,Chennai,Afghanistan,South Africa,Rahmanullah Gurbaz,7,28,0,0,25.0,4,3,18,4.5,Win,0
7,2023-10-11,Ahmedabad,Afghanistan,Pakistan,Rahmat Shah,61,4,8,9,1525.0,8,1,39,4.88,Loss,0
12,2023-10-16,Bengaluru,India,England,KL Rahul,79,74,9,11,106.76,8,0,4,0.5,Loss,0
20,2023-10-24,Delhi,Bangladesh,New Zealand,Taskin Ahmed,144,61,11,5,236.07,9,2,7,0.78,Win,0
26,2023-10-30,Chennai,Pakistan,New Zealand,Mohammad Nawaz,146,76,15,10,192.11,9,0,19,2.11,Win,0
39,2023-11-12,Lucknow,South Africa,India,Quinton de Kock,27,41,1,0,65.85,9,1,40,4.44,Win,0
48,2023-11-21,Chennai,Afghanistan,New Zealand,Mujeeb Ur Rahman,13,97,0,0,13.4,8,2,76,9.5,Loss,0
10,2023-10-14,Lucknow,Bangladesh,England,Taskin Ahmed,144,88,2,2,163.64,5,4,72,14.4,Win,0
17,2023-10-21,Dharamsala,Australia,Bangladesh,Alex Carey,68,93,4,3,73.12,0,4,73,0.0,Win,0
48,2023-11-21,Chennai,Afghanistan,New Zealand,Rashid Khan,150,41,28,15,365.85,5,3,47,9.4,Loss,0
47,2023-11-20,Bengaluru,South Africa,England,Heinrich Klaasen,66,72,10,6,91.67,1,5,40,40.0,Win,0
5,2023-10-09,Dharamsala,Sri Lanka,Pakistan,Dasun Shanaka,97,99,0,15,97.98,6,5,68,11.33,Loss,0
2,2023-10-06,Kolkata,Bangladesh,Australia,Shoriful Islam,29,97,3,0,29.9,4,3,60,15.0,Loss,0
30,2023-11-03,Pune,India,Bangladesh,Jasprit Bumrah,70,4,0,7,1750.0,5,5,46,9.2,Loss,0
42,2023-11-15,Bengaluru,India,Sri Lanka,Shreyas Iyer,119,47,10,11,253.19,8,4,78,9.75,Loss,0
27,2023-10-31,Hyderabad,South Africa,India,David Miller,148,22,35,1,672.73,8,4,27,3.38,Loss,0
22,2023-10-26,Chennai,Afghanistan,South Africa,Mujeeb Ur Rahman,47,73,7,3,64.38,0,0,71,0.0,Win,0
18,2023-10-22,Delhi,New Zealand,England,Glenn Phillips,116,68,9,6,170.59,5,0,23,4.6,Loss,0
32,2023-11-05,Delhi,England,Pakistan,Jonny Bairstow,113,4,5,11,2825.0,10,0,15,1.5,Loss,0
40,2023-11-13,Ahmedabad,Afghanistan,South Africa,Rahmat Shah,104,98,23,7,106.12,3,0,12,4.0,Loss,0
30,2023-11-03,Pune,Bangladesh,India,Mahmudullah,87,73,2,2,119.18,3,4,56,18.67,Win,0
40,2023-11-13,Ahmedabad,South Africa,Afghanistan,Quinton de Kock,6,27,1,1,22.22,3,0,5,1.67,Win,0
25,2023-10-29,Dharamsala,England,Afghanistan,Chris Woakes,86,58,17,13,148.28,4,0,26,6.5,Win,0
38,2023-11-11,Hyderabad,Netherlands,India,Aryan Dutt,86,43,10,6,200.0,10,1,78,7.8,Loss,0
42,2023-11-15,Bengaluru,Sri Lanka,India,Kusal Perera,30,82,2,0,36.59,0,4,13,0.0,Win,1
39,2023-11-12,Lucknow,South Africa,India,Aiden Markram,2,99,0,0,2.02,0,2,17,0.0,Win,0
36,2023-11-09,Bengaluru,Australia,Bangladesh,Pat Cummins,53,90,2,3,58.89,2,0,57,28.5,Loss,0
28,2023-11-01,Ahmedabad,England,Afghanistan,Joe Root,73,40,14,9,182.5,0,4,49,0.0,Win,0
42,2023-11-15,Bengaluru,Sri Lanka,India,Charith Asalanka,50,64,11,7,78.12,8,5,26,3.25,Win,0
3,2023-10-07,Chennai,Australia,Sri Lanka,Marnus Labuschagne,16,33,0,2,48.48,5,4,41,8.2,Win,0
34,2023-11-07,Delhi,New Zealand,England,Matt Henry,134,81,1,11,165.43,8,1,53,6.62,Win,0
34,2023-11-07,Delhi,England,New Zealand,Sam Curran,110,36,8,6,305.56,2,2,37,18.5,Loss,0
41,2023-11-14,Ahmedabad,India,Pakistan,Rohit Sharma,104,55,3,5,189.09,1,1,55,55.0,Loss,0
21,2023-10-25,Hyderabad,South Africa,Afghanistan,Tabraiz Shamsi,125,11,16,16,1136.36,5,4,7,1.4,Win,0
34,2023-11-07,Delhi,England,New Zealand,Joe Root,26,79,6,3,32.91,10,0,62,6.2,Loss,0
14,2023-10-18,Hyderabad,England,Afghanistan,Chris Woakes,66,42,6,8,157.14,0,2,23,0.0,Win,0
39,2023-11-12,Lucknow,India,South Africa,Hardik Pandya,51,71,1,5,71.83,7,3,22,3.14,Loss,0
4,2023-10-08,Dharamsala,Australia,Bangladesh,David Warner,145,76,8,9,190.79,9,3,16,1.78,Loss,0
23,2023-10-27,Delhi,England,Afghanistan,Harry Brook,136,73,10,21,186.3,7,5,44,6.29,Win,0
43,2023-11-16,Ahmedabad,Afghanistan,Sri Lanka,Rahmat Shah,12,78,3,1,15.38,1,3,25,25.0,Loss,0
29,2023-11-02,Delhi,Pakistan,South Africa,Shadab Khan,133,89,28,6,149.44,7,4,17,2.43,Loss,0
44,2023-11-17,Mumbai,England,Sri Lanka,Chris Woakes,43,12,9,4,358.33,0,3,8,0.0,Win,0
6,2023-10-10,Ahmedabad,Afghanistan,England,Mujeeb Ur Rahman,24,17,4,3,141.18,8,3,9,1.12,Loss,0
32,2023-11-05,Delhi,England,Pakistan,Joe Root,75,31,13,12,241.94,8,1,66,8.25,Loss,0
13,2023-10-17,Lucknow,Bangladesh,New Zealand,Shoriful Islam,101,19,5,1,531.58,1,4,22,22.0,Win,0
33,2023-11-06,Chennai,South Africa,Bangladesh,Kagiso Rabada,30,3,5,2,1000.0,8,4,65,8.12,Win,0
48,2023-11-21,Chennai,New Zealand,Afghanistan,Matt Henry,130,74,4,13,175.68,9,4,25,2.78,Win,0
7,2023-10-11,Ahmedabad,Afghanistan,Pakistan,Hashmatullah Shahidi,71,39,7,2,182.05,5,0,22,4.4,Loss,0
41,2023-11-14,Ahmedabad,Pakistan,India,Shaheen Afridi,104,84,0,14,123.81,4,1,69,17.25,Win,0
9,2023-10-13,Ahmedabad,India,England,Ravindra Jadeja,140,82,32,15,170.73,9,3,65,7.22,Loss,0
16,2023-10-20,Lucknow,England,Sri Lanka,Jos Buttler,129,60,28,0,215.0,9,1,57,6.33,Win,1
31,2023-11-04,Ahmedabad,Pakistan,India,Mohammad Nawaz,108,81,16,4,133.33,5,2,76,15.2,Loss,0
42,2023-11-15,Bengaluru,Sri Lanka,India,Dhananjaya de Silva,27,81,5,2,33.33,1,1,1,1.0,Win,0
24,2023-10-28,Dharamsala,Bangladesh,Netherlands,Shakib Al Hasan,6,57,1,1,10.53,10,4,76,7.6,Loss,0
29,2023-11-02,Delhi,South Africa,Pakistan,Heinrich Klaasen,61,49,8,1,124.49,7,0,35,5.0,Win,0
14,2023-10-18,Hyderabad,Afghanistan,England,Noor Ahmad,103,65,24,5,158.46,5,1,71,14.2,Loss,0
25,2023-10-29,Dharamsala,Afghanistan,England,Rahmanullah Gurbaz,103,66,22,7,156.06,10,5,26,2.6,Loss,0
12,2023-10-16,Bengaluru,England,India,Jonny Bairstow,11,87,0,0,12.64,2,1,18,9.0,Win,0
47,2023-11-20,Bengaluru,England,South Africa,Jonny Bairstow,125,34,11,14,367.65,5,1,31,6.2,Loss,0
22,2023-10-26,Chennai,South Africa,Afghanistan,Rassie van der Dussen,36,1,4,4,3600.0,7,4,59,8.43,Loss,0
47,2023-11-20,Bengaluru,England,South Africa,Liam Livingstone,20,24,5,3,83.33,7,2,2,0.29,Loss,0
17,2023-10-21,Dharamsala,Australia,Bangladesh,David Warner,93,55,16,6,169.09,0,1,62,0.0,Win,0
5,2023-10-09,Dharamsala,Pakistan,Sri Lanka,Shaheen Afridi,114,23,22,15,495.65,10,5,15,1.5,Win,0
38,2023-11-11,Hyderabad,India,Netherlands,Hardik Pandya,112,89,17,11,125.84,8,0,59,7.38,Win,0
45,2023-11-18,Kolkata,England,Australia,Moeen Ali,27,42,3,3,64.29,4,1,0,0.0,Loss,0
8,2023-10-12,Hyderabad,Australia,Netherlands,Adam Zampa,141,95,17,6,148.42,9,0,22,2.44,Loss,0
37,2023-11-10,Kolkata,Sri Lanka,Bangladesh,Dhananjaya de Silva,116,44,21,17,263.64,2,2,37,18.5,Win,0
1,2023-10-05,Kolkata,Australia,Afghanistan,Marnus Labuschagne,71,12,1,0,591.67,6,5,36,6.0,Loss,0
4,2023-10-08,Dharamsala,Australia,Bangladesh,Josh Hazlewood,146,20,17,14,730.0,8,0,13,1.62,Loss,0
37,2023-11-10,Kolkata,Bangladesh,Sri Lanka,Shakib Al Hasan,134,50,26,19,268.0,0,0,52,0.0,Loss,0
14,2023-10-18,Hyderabad,England,Afghanistan,Jos Buttler,105,47,26,12,223.4,6,5,20,3.33,Win,0
27,2023-10-31,Hyderabad,India,South Africa,Virat Kohli,42,48,1,7,87.5,10,4,49,4.9,Win,0
11,2023-10-15,Hyderabad,Pakistan,South Africa,Mohammad Rizwan,138,64,12,16,215.62,7,4,17,2.43,Loss,0
17,2023-10-21,Dharamsala,Bangladesh,Australia,Najmul Hossain Shanto,53,12,0,8,441.67,1,4,19,19.0,Loss,0
16,2023-10-20,Lucknow,Sri Lanka,England,Dasun Shanaka,150,96,10,21,156.25,5,2,21,4.2,Loss,0
3,2023-10-07,Chennai,Australia,Sri Lanka,Mitchell Starc,69,15,10,11,460.0,4,0,7,1.75,Win,0
4,2023-10-08,Dharamsala,Australia,Bangladesh,Mitchell Starc,116,6,25,11,1933.33,4,5,74,18.5,Loss,0
28,2023-11-01,Ahmedabad,Afghanistan,England,Naveen-ul-Haq,125,32,9,18,390.62,9,1,35,3.89,Loss,0
20,2023-10-24,Delhi,New Zealand,Bangladesh,Glenn Phillips,44,90,6,3,48.89,9,4,7,0.78,Loss,0
34,2023-11-07,Delhi,New Zealand,England,Lockie Ferguson,74,16,16,2,462.5,1,2,58,58.0,Win,0
40,2023-11-13,Ahmedabad,Afghanistan,South Africa,Naveen-ul-Haq,109,97,17,6,112.37,0,0,0,0.0,Loss,0
21,2023-10-25,Hyderabad,Afghanistan,South Africa,Mohammad Nabi,112,29,12,14,386.21,3,0,21,7.0,Loss,0
44,2023-11-17,Mumbai,England,Sri Lanka,Ben Stokes,4,75,1,0,5.33,3,4,40,13.33,Win,0
33,2023-11-06,Chennai,Bangladesh,South Africa,Mustafizur Rahman,5,35,1,0,14.29,7,4,14,2.0,Loss,0
2,2023-10-06,Kolkata,Bangladesh,Australia,Shakib Al Hasan,47,80,2,3,58.75,7,5,32,4.57,Loss,0
17,2023-10-21,Dharamsala,Australia,Bangladesh,Steve Smith,144,70,3,19,205.71,10,5,46,4.6,Win,0
16,2023-10-20,Lucknow,England,Sri Lanka,Adil Rashid,4,5,1,0,80.0,5,1,37,7.4,Win,0
6,2023-10-10,Ahmedabad,Afghanistan,England,Mohammad Nabi,106,18,25,5,588.89,2,2,14,7.0,Loss,0
23,2023-10-27,Delhi,Afghanistan,England,Fazalhaq Farooqi,137,47,22,20,291.49,4,2,12,3.0,Loss,0
9,2023-10-13,Ahmedabad,England,India,Sam Curran,24,82,0,3,29.27,10,1,25,2.5,Win,0
2,2023-10-06,Kolkata,Australia,Bangladesh,Steve Smith,51,12,6,1,425.0,2,0,55,27.5,Win,0
25,2023-10-29,Dharamsala,England,Afghanistan,Sam Curran,148,72,15,22,205.56,9,1,31,3.44,Win,0
9,2023-10-13,Ahmedabad,India,England,Shreyas Iyer,81,95,19,6,85.26,2,1,58,29.0,Loss,0
44,2023-11-17,Mumbai,Sri Lanka,England,Kusal Mendis,56,96,11,9,58.33,10,1,51,5.1,Loss,0
29,2023-11-02,Delhi,Pakistan,South Africa,Haris Rauf,124,38,15,19,326.32,10,4,30,3.0,Loss,0
31,2023-11-04,Ahmedabad,India,Pakistan,Mohammed Shami,15,2,1,1,750.0,0,5,12,0.0,Win,0
33,2023-11-06,Chennai,Bangladesh,South Africa,Najmul Hossain Shanto,29,11,3,3,263.64,6,1,76,12.67,Loss,0
27,2023-10-31,Hyderabad,South Africa,India,Tabraiz Shamsi,110,15,3,8,733.33,10,1,18,1.8,Loss,0
21,2023-10-25,Hyderabad,South Africa,Afghanistan,Marco Jansen,107,98,2,2,109.18,8,2,47,5.88,Win,0
11,2023-10-15,Hyderabad,South Africa,Pakistan,Aiden Markram,57,87,9,1,65.52,1,4,3,3.0,Win,0
32,2023-11-05,Delhi,England,Pakistan,Jos Buttler,128,42,17,15,304.76,7,0,62,8.86,Loss,0
43,2023-11-16,Ahmedabad,Afghanistan,Sri Lanka,Rahmanullah Gurbaz,44,84,2,3,52.38,3,4,25,8.33,Loss,0
46,2023-11-19,Pune,New Zealand,Netherlands,Kane Williamson,56,93,2,0,60.22,0,4,2,0.0,Loss,0
42,2023-11-15,Bengaluru,India,Sri Lanka,Mohammed Siraj,117,80,15,7,146.25,6,3,5,0.83,Loss,0
6,2023-10-10,Ahmedabad,England,Afghanistan,Jos Buttler,120,33,20,20,363.64,5,5,3,0.6,Win,0
26,2023-10-30,Chennai,New Zealand,Pakistan,Tom Latham,32,62,1,0,51.61,2,5,68,34.0,Loss,0
44,2023-11-17,Mumbai,England,Sri Lanka,Jonny Bairstow,81,77,4,5,105.19,1,4,6,6.0,Win,0
10,2023-10-14,Lucknow,Bangladesh,England,Litton Das,120,88,3,11,136.36,10,1,36,3.6,Win,1
9,2023-10-13,Ahmedabad,England,India,Moeen Ali,39,17,0,0,229.41,10,1,24,2.4,Win,0
23,2023-10-27,Delhi,England,Afghanistan,Mark Wood,1,86,0,0,1.16,0,3,13,0.0,Win,0
30,2023-11-03,Pune,Bangladesh,India,Litton Das,118,59,10,14,200.0,7,5,19,2.71,Win,1
43,2023-11-16,Ahmedabad,Afghanistan,Sri Lanka,Naveen-ul-Haq,52,48,6,4,108.33,10,2,68,6.8,Loss,0
11,2023-10-15,Hyderabad,Pakistan,South Africa,Iftikhar Ahmed,101,41,7,10,246.34,5,2,40,8.0,Loss,0
31,2023-11-04,Ahmedabad,Pakistan,India,Shadab Khan,136,40,19,20,340.0,1,4,79,79.0,Loss,0
14,2023-10-18,Hyderabad,Afghanistan,England,Hashmatullah Shahidi,124,58,2,5,213.79,1,3,1,1.0,Loss,0
28,2023-11-01,Ahmedabad,Afghanistan,England,Noor Ahmad,45,23,0,6,195.65,7,4,65,9.29,Loss,0
22,2023-10-26,Chennai,South Africa,Afghanistan,Heinrich Klaasen,103,23,8,1,447.83,3,5,74,24.67,Loss,0
12,2023-10-16,Bengaluru,India,England,Shreyas Iyer,44,23,10,1,191.3,2,5,13,6.5,Loss,0
3,2023-10-07,Chennai,Australia,Sri Lanka,Adam Zampa,108,96,19,14,112.5,2,3,15,7.5,Win,0
46,2023-11-19,Pune,New Zealand,Netherlands,James Neesham,16,27,1,2,59.26,3,2,16,5.33,Loss,0
45,2023-11-18,Kolkata,Australia,England,Adam Zampa,140,78,32,10,179.49,0,3,9,0.0,Win,1
33,2023-11-06,Chennai,South Africa,Bangladesh,Tabraiz Shamsi,29,74,5,1,39.19,1,4,38,38.0,Win,0
35,2023-11-08,Chennai,England,South Africa,Mark Wood,21,78,4,3,26.92,7,0,32,4.57,Win,0
28,2023-11-01,Ahmedabad,England,Afghanistan,Adil Rashid,16,43,0,2,37.21,2,4,31,15.5,Win,0
46,2023-11-19,Pune,Netherlands,New Zealand,Colin Ackermann,26,83,4,3,31.33,3,0,48,16.0,Win,0
7,2023-10-11,Ahmedabad,Afghanistan,Pakistan,Azmatullah Omarzai,62,15,0,8,413.33,0,0,65,0.0,Loss,0
43,2023-11-16,Ahmedabad,Afghanistan,Sri Lanka,Noor Ahmad,99,22,17,11,450.0,3,2,50,16.67,Loss,0
38,2023-11-11,Hyderabad,India,Netherlands,Rohit Sharma,66,8,7,6,825.0,9,3,46,5.11,Win,0
48,2023-11-21,Chennai,New Zealand,Afghanistan,Mitchell Santner,50,2,1,4,2500.0,8,1,33,4.12,Win,0
38,2023-11-11,Hyderabad,Netherlands,India,Max O'Dowd,44,47,11,6,93.62,1,0,54,54.0,Loss,0
7,2023-10-11,Ahmedabad,Afghanistan,Pakistan,Ibrahim Zadran,59,30,2,4,196.67,4,4,77,19.25,Loss,0
44,2023-11-17,Mumbai,Sri Lanka,England,Maheesh Theekshana,138,66,25,3,209.09,0,4,39,0.0,Loss,0
14,2023-10-18,Hyderabad,England,Afghanistan,Jonny Bairstow,136,26,8,14,523.08,9,1,41,4.56,Win,0
13,2023-10-17,Lucknow,Bangladesh,New Zealand,Mustafizur Rahman,76,31,8,10,245.16,3,1,3,1.0,Win,0
11,2023-10-15,Hyderabad,South Africa,Pakistan,Gerald Coetzee,146,57,4,2,256.14,10,0,57,5.7,Win,0
20,2023-10-24,Delhi,Bangladesh,New Zealand,Mustafizur Rahman,123,65,24,12,189.23,0,2,39,0.0,Win,0
46,2023-11-19,Pune,New Zealand,Netherlands,Tom Latham,86,73,16,12,117.81,1,2,6,6.0,Loss,0
43,2023-11-16,Ahmedabad,Afghanistan,Sri Lanka,Mujeeb Ur Rahman,82,34,11,12,241.18,5,4,63,12.6,Loss,0
11,2023-10-15,Hyderabad,Pakistan,South Africa,Mohammad Nawaz,121,15,1,9,806.67,6,3,48,8.0,Loss,0
26,2023-10-30,Chennai,Pakistan,New Zealand,Saud Shakeel,80,63,16,11,126.98,6,0,66,11.0,Win,0
41,2023-11-14,Ahmedabad,India,Pakistan,Mohammed Shami,59,99,13,5,59.6,10,3,28,2.8,Loss,0
20,2023-10-24,Delhi,Bangladesh,New Zealand,Mahmudullah,66,86,11,1,76.74,7,1,54,7.71,Win,0
28,2023-11-01,Ahmedabad,Afghanistan,England,Mohammad Nabi,136,6,34,6,2266.67,5,0,4,0.8,Loss,0
24,2023-10-28,Dharamsala,Bangladesh,Netherlands,Nasum Ahmed,103,68,14,10,151.47,10,0,48,4.8,Loss,0
13,2023-10-17,Lucknow,Bangladesh,New Zealand,Taskin Ahmed,62,73,0,8,84.93,8,4,72,9.0,Win,1
45,2023-11-18,Kolkata,Australia,England,Mitchell Starc,48,9,0,4,533.33,9,0,61,6.78,Win,0
4,2023-10-08,Dharamsala,Australia,Bangladesh,Steve Smith,26,66,4,4,39.39,4,5,7,1.75,Loss,0
35,2023-11-08,Chennai,South Africa,England,Aiden Markram,65,59,9,1,110.17,1,3,16,16.0,Loss,0
36,2023-11-09,Bengaluru,Bangladesh,Australia,Litton Das,101,91,12,10,110.99,8,5,51,6.38,Win,0
11,2023-10-15,Hyderabad,South Africa,Pakistan,Quinton de Kock,28,76,3,2,36.84,2,3,75,37.5,Win,0
37,2023-11-10,Kolkata,Sri Lanka,Bangladesh,Matheesha Pathirana,41,53,10,1,77.36,10,1,14,1.4,Win,0
37,2023-11-10,Kolkata,Bangladesh,Sri Lanka,Mushfiqur Rahim,3,17,0,0,17.65,3,2,3,1.0,Loss,0
10,2023-10-14,Lucknow,England,Bangladesh,Chris Woakes,11,39,1,1,28.21,10,0,16,1.6,Loss,0
19,2023-10-23,Ahmedabad,Bangladesh,Netherlands,Shakib Al Hasan,115,50,5,18,230.0,8,2,65,8.12,Win,0
27,2023-10-31,Hyderabad,India,South Africa,Rohit Sharma,91,17,10,8,535.29,8,1,49,6.12,Win,0
1,2023-10-05,Kolkata,Afghanistan,Australia,Naveen-ul-Haq,39,85,1,6,45.88,4,1,59,14.75,Win,1
26,2023-10-30,Chennai,New Zealand,Pakistan,James Neesham,140,84,6,14,166.67,6,5,18,3.0,Loss,0
16,2023-10-20,Lucknow,Sri Lanka,England,Kusal Mendis,123,89,17,19,138.2,3,4,43,14.33,Loss,0
10,2023-10-14,Lucknow,Bangladesh,England,Shakib Al Hasan,58,72,3,5,80.56,4,2,73,18.25,Win,0
24,2023-10-28,Dharamsala,Netherlands,Bangladesh,Logan van Beek,18,87,1,1,20.69,5,3,28,5.6,Win,0
9,2023-10-13,Ahmedabad,India,England,Mohammed Shami,17,32,2,2,53.12,6,5,28,4.67,Loss,0
19,2023-10-23,Ahmedabad,Netherlands,Bangladesh,Max O'Dowd,45,14,3,3,321.43,0,0,76,0.0,Loss,0
4,2023-10-08,Dharamsala,Australia,Bangladesh,Alex Carey,125,58,19,7,215.52,8,0,2,0.25,Loss,0
31,2023-11-04,Ahmedabad,Pakistan,India,Mohammad Rizwan,56,55,9,4,101.82,7,1,8,1.14,Loss,0
26,2023-10-30,Chennai,New Zealand,Pakistan,Lockie Ferguson,70,3,9,1,2333.33,8,2,79,9.88,Loss,0
6,2023-10-10,Ahmedabad,Afghanistan,England,Fazalhaq Farooqi,112,83,9,8,134.94,4,5,51,12.75,Loss,0
15,2023-10-19,Delhi,South Africa,Sri Lanka,Marco Jansen,85,5,1,13,1700.0,10,4,78,7.8,Win,1
10,2023-10-14,Lucknow,England,Bangladesh,Mark Wood,103,95,1,12,108.42,2,5,29,14.5,Loss,0
1,2023-10-05,Kolkata,Australia,Afghanistan,Pat Cummins,95,4,4,6,2375.0,6,4,14,2.33,Loss,0
28,2023-11-01,Ahmedabad,Afghanistan,England,Hashmatullah Shahidi,45,32,6,7,140.62,4,3,48,12.0,Loss,0
20,2023-10-24,Delhi,New Zealand,Bangladesh,Trent Boult,126,36,17,4,350.0,2,3,39,19.5,Loss,0
9,2023-10-13,Ahmedabad,India,England,Shubman Gill,25,85,5,1,29.41,6,5,78,13.0,Loss,0
19,2023-10-23,Ahmedabad,Netherlands,Bangladesh,Logan van Beek,63,33,7,3,190.91,8,5,74,9.25,Loss,0
19,2023-10-23,Ahmedabad,Netherlands,Bangladesh,Aryan Dutt,52,99,8,8,52.53,3,2,67,22.33,Loss,0
42,2023-11-15,Bengaluru,India,Sri Lanka,Virat Kohli,13,49,0,2,26.53,3,1,19,6.33,Loss,0
33,2023-11-06,Chennai,Bangladesh,South Africa,Tanzid Hasan,1,65,0,0,1.54,7,3,50,7.14,Loss,0
34,2023-11-07,Delhi,England,New Zealand,Ben Stokes,119,36,20,7,330.56,4,1,79,19.75,Loss,0
41,2023-11-14,Ahmedabad,Pakistan,India,Iftikhar Ahmed,45,68,6,7,66.18,2,1,9,4.5,Win,0
38,2023-11-11,Hyderabad,India,Netherlands,Jasprit Bumrah,110,9,7,0,1222.22,3,5,66,22.0,Win,0
42,2023-11-15,Bengaluru,Sri Lanka,India,Dasun Shanaka,126,36,17,6,350.0,8,3,21,2.62,Win,0
33,2023-11-06,Chennai,Bangladesh,South Africa,Shoriful Islam,53,27,12,0,196.3,4,2,59,14.75,Loss,0
7,2023-10-11,Ahmedabad,Pakistan,Afghanistan,Shaheen Afridi,56,1,14,5,5600.0,6,2,39,6.5,Win,0
43,2023-11-16,Ahmedabad,Sri Lanka,Afghanistan,Sadeera Samarawickrama,139,38,33,8,365.79,9,1,16,1.78,Win,0
4,2023-10-08,Dharamsala,Bangladesh,Australia,Nasum Ahmed,150,16,13,25,937.5,4,2,74,18.5,Win,0
20,2023-10-24,Delhi,New Zealand,Bangladesh,Lockie Ferguson,1,63,0,0,1.59,8,1,65,8.12,Loss,0
17,2023-10-21,Dharamsala,Bangladesh,Australia,Mehidy Hasan,3,60,0,0,5.0,8,4,19,2.38,Loss,0
43,2023-11-16,Ahmedabad,Sri Lanka,Afghanistan,Charith Asalanka,144,67,30,18,214.93,0,3,3,0.0,Win,0
34,2023-11-07,Delhi,England,New Zealand,Jonny Bairstow,76,4,6,5,1900.0,1,1,58,58.0,Loss,0
27,2023-10-31,Hyderabad,India,South Africa,Ravindra Jadeja,133,89,27,0,149.44,5,4,8,1.6,Win,0
34,2023-11-07,Delhi,England,New Zealand,Harry Brook,35,28,5,4,125.0,4,5,22,5.5,Loss,0
5,2023-10-09,Dharamsala,Sri Lanka,Pakistan,Charith Asalanka,118,33,21,0,357.58,1,0,10,10.0,Loss,0
19,2023-10-23,Ahmedabad,Bangladesh,Netherlands,Tanzid Hasan,127,27,4,2,470.37,0,3,24,0.0,Win,0
48,2023-11-21,Chennai,Afghanistan,New Zealand,Noor Ahmad,89,29,18,0,306.9,10,3,71,7.1,Loss,0
22,2023-10-26,Chennai,Afghanistan,South Africa,Rahmat Shah,46,12,5,4,383.33,5,2,4,0.8,Win,0
35,2023-11-08,Chennai,South Africa,England,Quinton de Kock,136,95,6,3,143.16,2,1,30,15.0,Loss,0
3,2023-10-07,Chennai,Sri Lanka,Australia,Kusal Perera,89,90,20,13,98.89,6,0,11,1.83,Loss,0
13,2023-10-17,Lucknow,New Zealand,Bangladesh,Rachin Ravindra,8,3,0,1,266.67,7,1,69,9.86,Loss,0
19,2023-10-23,Ahmedabad,Bangladesh,Netherlands,Mushfiqur Rahim,107,73,20,1,146.58,5,2,75,15.0,Win,0
13,2023-10-17,Lucknow,New Zealand,Bangladesh,Kane Williamson,48,96,0,2,50.0,5,1,10,2.0,Loss,0
7,2023-10-11,Ahmedabad,Pakistan,Afghanistan,Mohammad Nawaz,56,26,8,2,215.38,3,0,74,24.67,Win,0
40,2023-11-13,Ahmedabad,Afghanistan,South Africa,Mohammad Nabi,88,56,19,4,157.14,4,5,34,8.5,Loss,0
31,2023-11-04,Ahmedabad,Pakistan,India,Haris Rauf,17,16,3,2,106.25,8,5,12,1.5,Loss,0
38,2023-11-11,Hyderabad,India,Netherlands,Shubman Gill,131,51,20,2,256.86,7,4,66,9.43,Win,0
11,2023-10-15,Hyderabad,South Africa,Pakistan,Marco Jansen,80,56,20,4,142.86,10,3,5,0.5,Win,0
37,2023-11-10,Kolkata,Bangladesh,Sri Lanka,Mustafizur Rahman,15,99,2,2,15.15,10,3,36,3.6,Loss,0
3,2023-10-07,Chennai,Sri Lanka,Australia,Charith Asalanka,92,67,11,9,137.31,2,4,56,28.0,Loss,0
21,2023-10-25,Hyderabad,Afghanistan,South Africa,Ibrahim Zadran,68,30,2,10,226.67,3,1,26,8.67,Loss,0
5,2023-10-09,Dharamsala,Sri Lanka,Pakistan,Kusal Perera,144,73,32,20,197.26,3,4,28,9.33,Loss,0
24,2023-10-28,Dharamsala,Bangladesh,Netherlands,Shoriful Islam,105,57,25,9,184.21,10,4,10,1.0,Loss,0
7,2023-10-11,Ahmedabad,Pakistan,Afghanistan,Imam-ul-Haq,103,38,5,7,271.05,6,1,45,7.5,Win,0
14,2023-10-18,Hyderabad,Afghanistan,England,Mujeeb Ur Rahman,2,16,0,0,12.5,6,3,4,0.67,Loss,0
13,2023-10-17,Lucknow,New Zealand,Bangladesh,Tom Latham,116,93,25,11,124.73,4,1,47,11.75,Loss,0
42,2023-11-15,Bengaluru,India,Sri Lanka,Kuldeep Yadav,75,49,2,10,153.06,0,1,71,0.0,Loss,0
33,2023-11-06,Chennai,South Africa,Bangladesh,Lungi Ngidi,7,71,1,1,9.86,2,1,56,28.0,Win,0
10,2023-10-14,Lucknow,Bangladesh,England,Shoriful Islam,66,92,8,2,71.74,8,1,75,9.38,Win,0
10,2023-10-14,Lucknow,England,Bangladesh,Harry Brook,91,97,15,8,93.81,10,4,52,5.2,Loss,0
44,2023-11-17,Mumbai,Sri Lanka,England,Dilshan Madushanka,88,68,9,2,129.41,1,4,18,18.0,Loss,0
24,2023-10-28,Dharamsala,Netherlands,Bangladesh,Aryan Dutt,58,98,0,4,59.18,1,1,7,7.0,Win,0
24,2023-10-28,Dharamsala,Bangladesh,Netherlands,Litton Das,83,28,15,0,296.43,7,3,57,8.14,Loss,0
43,2023-11-16,Ahmedabad,Afghanistan,Sri Lanka,Mohammad Nabi,123,2,19,19,6150.0,10,5,2,0.2,Loss,0
45,2023-11-18,Kolkata,England,Australia,Ben Stokes,8,61,0,1,13.11,10,2,62,6.2,Loss,0
42,2023-11-15,Bengaluru,Sri Lanka,India,Kusal Mendis,5,10,0,0,50.0,9,1,29,3.22,Win,0
37,2023-11-10,Kolkata,Bangladesh,Sri Lanka,Najmul Hossain Shanto,21,81,1,0,25.93,8,1,9,1.12,Loss,0
12,2023-10-16,Bengaluru,India,England,Virat Kohli,69,17,1,2,405.88,4,4,64,16.0,Loss,0
35,2023-11-08,Chennai,South Africa,England,Rassie van der Dussen,127,35,24,20,362.86,2,4,31,15.5,Loss,0
45,2023-11-18,Kolkata,England,Australia,Liam Livingstone,95,90,16,15,105.56,10,2,34,3.4,Loss,0
47,2023-11-20,Bengaluru,England,South Africa,Chris Woakes,67,46,13,10,145.65,5,0,35,7.0,Loss,0
24,2023-10-28,Dharamsala,Bangladesh,Netherlands,Tanzid Hasan,26,53,1,2,49.06,8,1,36,4.5,Loss,0
10,2023-10-14,Lucknow,England,Bangladesh,Joe Root,44,96,2,1,45.83,2,1,39,19.5,Loss,0
35,2023-11-08,Chennai,South Africa,England,Heinrich Klaasen,95,16,15,13,593.75,6,4,30,5.0,Loss,0
10,2023-10-14,Lucknow,Bangladesh,England,Tanzid Hasan,60,43,11,5,139.53,6,5,10,1.67,Win,0
45,2023-11-18,Kolkata,Australia,England,Marcus Stoinis,68,55,9,9,123.64,8,4,68,8.5,Win,0
31,2023-11-04,Ahmedabad,India,Pakistan,Hardik Pandya,19,77,0,1,24.68,3,0,0,0.0,Win,0
22,2023-10-26,Chennai,Afghanistan,South Africa,Fazalhaq Farooqi,92,86,10,2,106.98,5,1,41,8.2,Win,0
27,2023-10-31,Hyderabad,India,South Africa,Shubman Gill,38,23,3,6,165.22,0,0,68,0.0,Win,0
19,2023-10-23,Ahmedabad,Netherlands,Bangladesh,Roelof van der Merwe,141,38,35,7,371.05,0,5,8,0.0,Loss,0
22,2023-10-26,Chennai,Afghanistan,South Africa,Mohammad Nabi,150,15,26,10,1000.0,8,2,50,6.25,Win,0
18,2023-10-22,Delhi,England,New Zealand,Jonny Bairstow,126,68,13,19,185.29,5,4,78,15.6,Win,0
10,2023-10-14,Lucknow,Bangladesh,England,Mehidy Hasan,98,20,16,9,490.0,2,1,61,30.5,Win,0
12,2023-10-16,Bengaluru,India,England,Kuldeep Yadav,48,44,7,5,109.09,10,4,19,1.9,Loss,0
16,2023-10-20,Lucknow,England,Sri Lanka,Jonny Bairstow,20,28,2,2,71.43,1,2,71,71.0,Win,0
14,2023-10-18,Hyderabad,England,Afghanistan,Harry Brook,146,36,9,0,405.56,6,1,68,11.33,Win,0
17,2023-10-21,Dharamsala,Australia,Bangladesh,Pat Cummins,4,100,1,0,4.0,9,3,38,4.22,Win,0
1,2023-10-05,Kolkata,Australia,Afghanistan,Travis Head,8,88,0,1,9.09,7,2,7,1.0,Loss,0
24,2023-10-28,Dharamsala,Bangladesh,Netherlands,Mehidy Hasan,97,98,12,14,98.98,6,3,3,0.5,Loss,0
43,2023-11-16,Ahmedabad,Afghanistan,Sri Lanka,Rashid Khan,11,40,1,1,27.5,3,5,15,5.0,Loss,0
36,2023-11-09,Bengaluru,Australia,Bangladesh,Alex Carey,86,96,10,6,89.58,5,2,28,5.6,Loss,0
34,2023-11-07,Delhi,New Zealand,England,James Neesham,68,47,1,7,144.68,8,1,77,9.62,Win,1
38,2023-11-11,Hyderabad,Netherlands,India,Roelof van der Merwe,45,72,11,6,62.5,6,5,25,4.17,Loss,0
37,2023-11-10,Kolkata,Sri Lanka,Bangladesh,Sadeera Samarawickrama,117,94,26,6,124.47,8,5,20,2.5,Win,0
2,2023-10-06,Kolkata,Bangladesh,Australia,Mushfiqur Rahim,115,75,16,7,153.33,3,5,24,8.0,Loss,0
15,2023-10-19,Delhi,Sri Lanka,South Africa,Dilshan Madushanka,148,98,3,24,151.02,3,4,59,19.67,Loss,0
48,2023-11-21,Chennai,New Zealand,Afghanistan,Kane Williamson,127,7,9,14,1814.29,4,2,37,9.25,Win,0
1,2023-10-05,Kolkata,Australia,Afghanistan,Mitchell Starc,28,36,4,2,77.78,2,5,27,13.5,Loss,0
16,2023-10-20,Lucknow,England,Sri Lanka,Sam Curran,113,10,20,3,1130.0,10,1,12,1.2,Win,0
41,2023-11-14,Ahmedabad,India,Pakistan,Ravindra Jadeja,127,20,23,5,635.0,7,0,53,7.57,Loss,0
36,2023-11-09,Bengaluru,Bangladesh,Australia,Mahmudullah,18,64,3,1,28.12,0,1,64,0.0,Win,0
25,2023-10-29,Dharamsala,Afghanistan,England,Azmatullah Omarzai,16,18,4,0,88.89,3,4,67,22.33,Loss,0
42,2023-11-15,Bengaluru,Sri Lanka,India,Matheesha Pathirana,116,50,15,7,232.0,9,2,20,2.22,Win,0
45,2023-11-18,Kolkata,Australia,England,Travis Head,75,55,3,11,136.36,9,5,52,5.78,Win,0
25,2023-10-29,Dharamsala,Afghanistan,England,Naveen-ul-Haq,132,21,13,3,628.57,6,1,14,2.33,Loss,0
30,2023-11-03,Pune,India,Bangladesh,Rohit Sharma,99,32,22,14,309.38,10,1,2,0.2,Loss,0
18,2023-10-22,Delhi,New Zealand,England,Daryl Mitchell,142,48,6,20,295.83,9,1,13,1.44,Loss,0
16,2023-10-20,Lucknow,Sri Lanka,England,Kusal Perera,145,55,8,24,263.64,7,2,77,11.0,Loss,0
35,2023-11-08,Chennai,England,South Africa,Joe Root,46,37,5,7,124.32,5,0,26,5.2,Win,0
37,2023-11-10,Kolkata,Bangladesh,Sri Lanka,Litton Das,92,45,14,13,204.44,7,0,50,7.14,Loss,0
10,2023-10-14,Lucknow,England,Bangladesh,Sam Curran,73,96,1,11,76.04,4,4,21,5.25,Loss,0
37,2023-11-10,Kolkata,Sri Lanka,Bangladesh,Pathum Nissanka,0,58,0,0,0.0,9,1,5,0.56,Win,1
29,2023-11-02,Delhi,Pakistan,South Africa,Imam-ul-Haq,99,7,21,9,1414.29,6,4,78,13.0,Loss,0
20,2023-10-24,Delhi,Bangladesh,New Zealand,Mushfiqur Rahim,131,55,6,3,238.18,5,3,44,8.8,Win,0
16,2023-10-20,Lucknow,Sri Lanka,England,Dhananjaya de Silva,140,21,7,13,666.67,7,5,6,0.86,Loss,0
27,2023-10-31,Hyderabad,India,South Africa,Hardik Pandya,130,74,0,13,175.68,7,2,72,10.29,Win,0
13,2023-10-17,Lucknow,Bangladesh,New Zealand,Najmul Hossain Shanto,7,29,1,1,24.14,4,5,46,11.5,Win,0
4,2023-10-08,Dharamsala,Australia,Bangladesh,Pat Cummins,91,62,16,8,146.77,7,0,37,5.29,Loss,0
34,2023-11-07,Delhi,England,New Zealand,Adil Rashid,105,21,4,5,500.0,3,1,21,7.0,Loss,0
40,2023-11-13,Ahmedabad,Afghanistan,South Africa,Fazalhaq Farooqi,65,9,10,3,722.22,5,5,21,4.2,Loss,0
8,2023-10-12,Hyderabad,Australia,Netherlands,Marnus Labuschagne,0,78,0,0,0.0,2,1,65,32.5,Loss,0
36,2023-11-09,Bengaluru,Bangladesh,Australia,Taskin Ahmed,67,25,11,9,268.0,5,5,11,2.2,Win,0
14,2023-10-18,Hyderabad,Afghanistan,England,Azmatullah Omarzai,101,81,2,1,124.69,6,5,7,1.17,Loss,0
12,2023-10-16,Bengaluru,England,India,Moeen Ali,34,61,5,0,55.74,6,3,48,8.0,Win,0
39,2023-11-12,Lucknow,India,South Africa,Kuldeep Yadav,88,31,17,3,283.87,6,0,1,0.17,Loss,0
4,2023-10-08,Dharamsala,Bangladesh,Australia,Shoriful Islam,116,69,2,11,168.12,8,3,52,6.5,Win,0
35,2023-11-08,Chennai,South Africa,England,Kagiso Rabada,129,24,3,11,537.5,2,1,74,37.0,Loss,0
35,2023-11-08,Chennai,England,South Africa,Moeen Ali,19,39,3,1,48.72,0,2,35,0.0,Win,0
1,2023-10-05,Kolkata,Australia,Afghanistan,Marcus Stoinis,130,1,4,13,13000.0,6,2,8,1.33,Loss,0
46,2023-11-19,Pune,Netherlands,New Zealand,Roelof van der Merwe,34,82,4,5,41.46,3,3,63,21.0,Win,0
47,2023-11-20,Bengaluru,South Africa,England,Quinton de Kock,12,41,0,0,29.27,7,1,56,8.0,Win,0
29,2023-11-02,Delhi,Pakistan,South Africa,Iftikhar Ahmed,95,35,14,4,271.43,7,5,49,7.0,Loss,0
41,2023-11-14,Ahmedabad,Pakistan,India,Hasan Ali,68,61,1,6,111.48,9,0,79,8.78,Win,0
36,2023-11-09,Bengaluru,Bangladesh,Australia,Najmul Hossain Shanto,41,90,2,1,45.56,6,2,76,12.67,Win,0
18,2023-10-22,Delhi,New Zealand,England,Tom Latham,86,90,4,7,95.56,0,2,11,0.0,Loss,0
40,2023-11-13,Ahmedabad,Afghanistan,South Africa,Mujeeb Ur Rahman,129,4,20,6,3225.0,1,5,5,5.0,Loss,0
13,2023-10-17,Lucknow,New Zealand,Bangladesh,Mitchell Santner,24,36,2,2,66.67,3,4,12,4.0,Loss,0
19,2023-10-23,Ahmedabad,Bangladesh,Netherlands,Mustafizur Rahman,93,15,2,0,620.0,3,4,15,5.0,Win,0
7,2023-10-11,Ahmedabad,Pakistan,Afghanistan,Iftikhar Ahmed,121,9,21,18,1344.44,7,0,10,1.43,Win,1
28,2023-11-01,Ahmedabad,Afghanistan,England,Azmatullah Omarzai,105,58,6,15,181.03,0,0,60,0.0,Loss,0
37,2023-11-10,Kolkata,Bangladesh,Sri Lanka,Mehidy Hasan,34,8,7,2,425.0,3,1,42,14.0,Loss,0
23,2023-10-27,Delhi,England,Afghanistan,Liam Livingstone,27,70,3,3,38.57,4,3,53,13.25,Win,0
30,2023-11-03,Pune,Bangladesh,India,Taskin Ahmed,118,12,16,16,983.33,9,5,28,3.11,Win,0
20,2023-10-24,Delhi,New Zealand,Bangladesh,Mitchell Santner,83,82,17,1,101.22,3,5,32,10.67,Loss,0
14,2023-10-18,Hyderabad,Afghanistan,England,Rashid Khan,120,55,15,11,218.18,0,3,7,0.0,Loss,0
16,2023-10-20,Lucknow,England,Sri Lanka,Ben Stokes,86,8,12,7,1075.0,8,2,0,0.0,Win,0
41,2023-11-14,Ahmedabad,India,Pakistan,KL Rahul,39,70,5,1,55.71,0,3,48,0.0,Loss,0
9,2023-10-13,Ahmedabad,India,England,Kuldeep Yadav,54,99,9,1,54.55,10,4,12,1.2,Loss,0
41,2023-11-14,Ahmedabad,Pakistan,India,Fakhar Zaman,51,85,12,5,60.0,4,0,50,12.5,Win,0
11,2023-10-15,Hyderabad,Pakistan,South Africa,Babar Azam,130,93,23,2,139.78,3,5,14,4.67,Loss,0
25,2023-10-29,Dharamsala,England,Afghanistan,Ben Stokes,23,4,2,1,575.0,8,0,52,6.5,Win,0
8,2023-10-12,Hyderabad,Netherlands,Australia,Vikramjit Singh,84,19,15,12,442.11,2,3,28,14.0,Win,0
46,2023-11-19,Pune,Netherlands,New Zealand,Paul van Meekeren,105,5,11,17,2100.0,9,5,11,1.22,Win,0
3,2023-10-07,Chennai,Sri Lanka,Australia,Dilshan Madushanka,137,19,31,0,721.05,7,4,3,0.43,Loss,0
9,2023-10-13,Ahmedabad,India,England,KL Rahul,102,17,13,2,600.0,1,2,36,36.0,Loss,0
46,2023-11-19,Pune,Netherlands,New Zealand,Bas de Leede,108,1,9,14,10800.0,10,2,61,6.1,Win,0
26,2023-10-30,Chennai,Pakistan,New Zealand,Mohammad Rizwan,140,70,5,19,200.0,3,4,2,0.67,Win,0
16,2023-10-20,Lucknow,Sri Lanka,England,Kasun Rajitha,21,43,4,0,48.84,0,2,62,0.0,Loss,0
23,2023-10-27,Delhi,England,Afghanistan,Jos Buttler,24,94,0,4,25.53,3,2,11,3.67,Win,0
38,2023-11-11,Hyderabad,India,Netherlands,Virat Kohli,8,60,1,0,13.33,4,0,70,17.5,Win,1
8,2023-10-12,Hyderabad,Netherlands,Australia,Logan van Beek,33,17,4,0,194.12,5,1,75,15.0,Win,0
23,2023-10-27,Delhi,England,Afghanistan,Adil Rashid,64,100,10,2,64.0,8,0,53,6.62,Win,0
7,2023-10-11,Ahmedabad,Afghanistan,Pakistan,Rashid Khan,134,51,7,9,262.75,3,4,32,10.67,Loss,0
43,2023-11-16,Ahmedabad,Sri Lanka,Afghanistan,Kasun Rajitha,13,54,1,0,24.07,5,4,49,9.8,Win,0
19,2023-10-23,Ahmedabad,Bangladesh,Netherlands,Shoriful Islam,65,99,7,7,65.66,6,5,72,12.0,Win,0
47,2023-11-20,Bengaluru,South Africa,England,Marco Jansen,38,17,5,4,223.53,6,2,69,11.5,Win,0
2,2023-10-06,Kolkata,Australia,Bangladesh,Travis Head,58,32,7,8,181.25,3,0,61,20.33,Win,0
8,2023-10-12,Hyderabad,Netherlands,Australia,Roelof van der Merwe,74,70,17,4,105.71,9,3,40,4.44,Win,0
14,2023-10-18,Hyderabad,England,Afghanistan,Liam Livingstone,36,15,2,3,240.0,6,2,9,1.5,Win,0
36,2023-11-09,Bengaluru,Bangladesh,Australia,Shoriful Islam,115,4,10,16,2875.0,6,5,10,1.67,Win,0
41,2023-11-14,Ahmedabad,Pakistan,India,Mohammad Nawaz,134,79,26,0,169.62,3,4,54,18.0,Win,1
45,2023-11-18,Kolkata,England,Australia,Jonny Bairstow,50,10,11,5,500.0,3,1,79,26.33,Loss,0
33,2023-11-06,Chennai,South Africa,Bangladesh,Rassie van der Dussen,12,7,3,2,171.43,2,2,34,17.0,Win,0
38,2023-11-11,Hyderabad,India,Netherlands,Shreyas Iyer,14,71,1,1,19.72,8,5,23,2.88,Win,0
27,2023-10-31,Hyderabad,South Africa,India,Rassie van der Dussen,72,97,15,5,74.23,8,2,58,7.25,Loss,0
28,2023-11-01,Ahmedabad,Afghanistan,England,Fazalhaq Farooqi,133,18,29,21,738.89,5,0,29,5.8,Loss,0
5,2023-10-09,Dharamsala,Sri Lanka,Pakistan,Kusal Mendis,140,46,34,5,304.35,1,2,68,68.0,Loss,0
6,2023-10-10,Ahmedabad,England,Afghanistan,Adil Rashid,99,77,10,2,128.57,0,5,49,0.0,Win,0
21,2023-10-25,Hyderabad,Afghanistan,South Africa,Rahmanullah Gurbaz,115,56,11,5,205.36,0,3,49,0.0,Loss,0
28,2023-11-01,Ahmedabad,England,Afghanistan,Jos Buttler,27,11,5,2,245.45,5,5,27,5.4,Win,0
6,2023-10-10,Ahmedabad,Afghanistan,England,Naveen-ul-Haq,25,64,1,2,39.06,7,2,69,9.86,Loss,0
33,2023-11-06,Chennai,Bangladesh,South Africa,Taskin Ahmed,16,17,1,0,94.12,0,5,77,0.0,Loss,0
21,2023-10-25,Hyderabad,Afghanistan,South Africa,Noor Ahmad,108,51,25,16,211.76,4,5,20,5.0,Loss,0
48,2023-11-21,Chennai,Afghanistan,New Zealand,Fazalhaq Farooqi,132,42,6,9,314.29,3,0,26,8.67,Loss,0
34,2023-11-07,Delhi,England,New Zealand,Liam Livingstone,28,67,6,3,41.79,3,2,76,25.33,Loss,0
46,2023-11-19,Pune,New Zealand,Netherlands,Trent Boult,80,39,3,7,205.13,3,5,24,8.0,Loss,0
10,2023-10-14,Lucknow,England,Bangladesh,Jos Buttler,37,72,4,1,51.39,1,5,36,36.0,Loss,0
15,2023-10-19,Delhi,South Africa,Sri Lanka,Aiden Markram,3,40,0,0,7.5,0,4,51,0.0,Win,0
19,2023-10-23,Ahmedabad,Bangladesh,Netherlands,Mehidy Hasan,33,41,2,1,80.49,9,2,56,6.22,Win,1
23,2023-10-27,Delhi,England,Afghanistan,Jonny Bairstow,36,42,0,4,85.71,5,3,40,8.0,Win,1
20,2023-10-24,Delhi,New Zealand,Bangladesh,Daryl Mitchell,58,39,6,8,148.72,6,4,63,10.5,Loss,0
21,2023-10-25,Hyderabad,South Africa,Afghanistan,Rassie van der Dussen,64,55,12,9,116.36,4,4,61,15.25,Win,0
40,2023-11-13,Ahmedabad,South Africa,Afghanistan,David Miller,71,51,15,5,139.22,10,0,0,0.0,Win,1
6,2023-10-10,Ahmedabad,England,Afghanistan,Mark Wood,129,84,0,4,153.57,8,0,8,1.0,Win,1
2,2023-10-06,Kolkata,Bangladesh,Australia,Litton Das,150,31,29,9,483.87,2,3,15,7.5,Loss,0
32,2023-11-05,Delhi,England,Pakistan,Adil Rashid,130,21,24,19,619.05,0,3,61,0.0,Loss,0
3,2023-10-07,Chennai,Australia,Sri Lanka,Alex Carey,141,76,22,14,185.53,1,1,31,31.0,Win,0
11,2023-10-15,Hyderabad,South Africa,Pakistan,David Miller,74,32,1,3,231.25,5,2,26,5.2,Win,0
38,2023-11-11,Hyderabad,Netherlands,India,Paul van Meekeren,148,57,22,12,259.65,1,2,46,46.0,Loss,0
4,2023-10-08,Dharamsala,Australia,Bangladesh,Travis Head,6,46,0,1,13.04,9,0,49,5.44,Loss,0
24,2023-10-28,Dharamsala,Netherlands,Bangladesh,Bas de Leede,133,38,21,17,350.0,9,5,12,1.33,Win,0
12,2023-10-16,Bengaluru,England,India,Chris Woakes,78,34,3,5,229.41,6,1,57,9.5,Win,0
23,2023-10-27,Delhi,England,Afghanistan,Moeen Ali,136,88,7,6,154.55,3,1,2,0.67,Win,0
46,2023-11-19,Pune,New Zealand,Netherlands,Lockie Ferguson,145,42,18,11,345.24,1,0,29,29.0,Loss,0
11,2023-10-15,Hyderabad,Pakistan,South Africa,Fakhar Zaman,16,84,3,0,19.05,5,0,59,11.8,Loss,0
30,2023-11-03,Pune,Bangladesh,India,Shakib Al Hasan,147,8,28,7,1837.5,9,5,54,6.0,Win,0
28,2023-11-01,Ahmedabad,Afghanistan,England,Rashid Khan,86,81,11,6,106.17,2,5,56,28.0,Loss,0
5,2023-10-09,Dharamsala,Pakistan,Sri Lanka,Saud Shakeel,78,30,9,2,260.0,0,4,28,0.0,Win,0
45,2023-11-18,Kolkata,England,Australia,Sam Curran,97,55,23,16,176.36,9,0,76,8.44,Loss,0
31,2023-11-04,Ahmedabad,Pakistan,India,Imam-ul-Haq,127,24,2,11,529.17,6,0,64,10.67,Loss,0
26,2023-10-30,Chennai,New Zealand,Pakistan,Kane Williamson,82,51,17,3,160.78,7,3,11,1.57,Loss,0
39,2023-11-12,Lucknow,India,South Africa,Mohammed Siraj,125,62,15,8,201.61,3,0,54,18.0,Loss,0
42,2023-11-15,Bengaluru,Sri Lanka,India,Sadeera Samarawickrama,148,60,16,0,246.67,9,2,62,6.89,Win,0
30,2023-11-03,Pune,Bangladesh,India,Najmul Hossain Shanto,65,36,10,7,180.56,7,2,21,3.0,Win,0
34,2023-11-07,Delhi,England,New Zealand,Jos Buttler,89,16,5,8,556.25,10,1,75,7.5,Loss,0
12,2023-10-16,Bengaluru,England,India,Ben Stokes,31,51,3,1,60.78,5,1,21,4.2,Win,1
7,2023-10-11,Ahmedabad,Pakistan,Afghanistan,Shadab Khan,150,1,36,20,15000.0,9,5,35,3.89,Win,0
4,2023-10-08,Dharamsala,Bangladesh,Australia,Shakib Al Hasan,137,73,23,2,187.67,0,2,35,0.0,Win,0
9,2023-10-13,Ahmedabad,England,India,Mark Wood,79,88,18,7,89.77,4,0,79,19.75,Win,0
21,2023-10-25,Hyderabad,South Africa,Afghanistan,David Miller,118,73,20,5,161.64,9,5,59,6.56,Win,0
33,2023-11-06,Chennai,South Africa,Bangladesh,Quinton de Kock,58,64,1,1,90.62,3,0,13,4.33,Win,0
20,2023-10-24,Delhi,Bangladesh,New Zealand,Mehidy Hasan,104,1,7,5,10400.0,5,5,24,4.8,Win,0
35,2023-11-08,Chennai,England,South Africa,Jos Buttler,29,84,5,3,34.52,8,4,9,1.12,Win,0
10,2023-10-14,Lucknow,England,Bangladesh,Liam Livingstone,57,31,6,9,183.87,9,2,52,5.78,Loss,0
33,2023-11-06,Chennai,Bangladesh,South Africa,Nasum Ahmed,5,69,1,0,7.25,9,0,22,2.44,Loss,0
31,2023-11-04,Ahmedabad,India,Pakistan,Ravindra Jadeja,142,77,16,23,184.42,9,1,22,2.44,Win,0
3,2023-10-07,Chennai,Australia,Sri Lanka,Marcus Stoinis,134,57,19,0,235.09,7,5,15,2.14,Win,0
42,2023-11-15,Bengaluru,Sri Lanka,India,Dilshan Madushanka,87,40,13,7,217.5,0,0,56,0.0,Win,0
30,2023-11-03,Pune,India,Bangladesh,Kuldeep Yadav,119,87,10,11,136.78,4,0,58,14.5,Loss,0
17,2023-10-21,Dharamsala,Australia,Bangladesh,Marcus Stoinis,80,51,20,2,156.86,9,2,45,5.0,Win,0
20,2023-10-24,Delhi,Bangladesh,New Zealand,Shakib Al Hasan,20,51,5,3,39.22,8,4,50,6.25,Win,0
32,2023-11-05,Delhi,Pakistan,England,Iftikhar Ahmed,53,72,8,0,73.61,2,2,10,5.0,Win,1
31,2023-11-04,Ahmedabad,Pakistan,India,Iftikhar Ahmed,144,15,14,14,960.0,6,4,31,5.17,Loss,0
26,2023-10-30,Chennai,Pakistan,New Zealand,Babar Azam,64,63,3,0,101.59,8,1,14,1.75,Win,0
7,2023-10-11,Ahmedabad,Pakistan,Afghanistan,Babar Azam,129,27,30,18,477.78,2,3,35,17.5,Win,0
48,2023-11-21,Chennai,New Zealand,Afghanistan,Rachin Ravindra,124,51,6,3,243.14,2,4,10,5.0,Win,1
1,2023-10-05,Kolkata,Australia,Afghanistan,Alex Carey,14,90,1,0,15.56,2,0,51,25.5,Loss,0
47,2023-11-20,Bengaluru,England,South Africa,Harry Brook,3,10,0,0,30.0,6,0,51,8.5,Loss,0
31,2023-11-04,Ahmedabad,India,Pakistan,Shubman Gill,149,96,37,7,155.21,6,5,56,9.33,Win,0
19,2023-10-23,Ahmedabad,Netherlands,Bangladesh,Teja Nidamanuru,83,25,7,7,332.0,9,5,21,2.33,Loss,0
13,2023-10-17,Lucknow,Bangladesh,New Zealand,Mushfiqur Rahim,113,82,16,7,137.8,7,0,75,10.71,Win,0
43,2023-11-16,Ahmedabad,Afghanistan,Sri Lanka,Fazalhaq Farooqi,70,96,15,2,72.92,5,3,26,5.2,Loss,0
7,2023-10-11,Ahmedabad,Afghanistan,Pakistan,Rahmanullah Gurbaz,59,64,12,7,92.19,10,0,13,1.3,Loss,0
13,2023-10-17,Lucknow,New Zealand,Bangladesh,James Neesham,107,43,12,10,248.84,6,4,14,2.33,Loss,0
32,2023-11-05,Delhi,Pakistan,England,Shadab Khan,87,49,20,2,177.55,1,2,27,27.0,Win,0
36,2023-11-09,Bengaluru,Bangladesh,Australia,Mushfiqur Rahim,10,26,1,0,38.46,10,5,42,4.2,Win,0
30,2023-11-03,Pune,India,Bangladesh,Ravindra Jadeja,13,75,3,2,17.33,1,2,54,54.0,Loss,0
4,2023-10-08,Dharamsala,Bangladesh,Australia,Mahmudullah,12,23,0,2,52.17,8,5,16,2.0,Win,0
24,2023-10-28,Dharamsala,Netherlands,Bangladesh,Sybrand Engelbrecht,10,95,1,0,10.53,3,2,47,15.67,Win,0
45,2023-11-18,Kolkata,Australia,England,Alex Carey,121,10,9,5,1210.0,10,3,50,5.0,Win,0
30,2023-11-03,Pune,India,Bangladesh,Mohammed Shami,88,54,9,5,162.96,2,0,63,31.5,Loss,0
24,2023-10-28,Dharamsala,Netherlands,Bangladesh,Paul van Meekeren,140,8,29,3,1750.0,0,2,38,0.0,Win,0
17,2023-10-21,Dharamsala,Australia,Bangladesh,Marnus Labuschagne,77,75,6,8,102.67,9,4,60,6.67,Win,0
28,2023-11-01,Ahmedabad,England,Afghanistan,Ben Stokes,97,13,21,0,746.15,1,4,47,47.0,Win,0
41,2023-11-14,Ahmedabad,Pakistan,India,Shadab Khan,124,81,4,11,153.09,5,5,31,6.2,Win,0
8,2023-10-12,Hyderabad,Netherlands,Australia,Bas de Leede,52,44,2,3,118.18,9,5,23,2.56,Win,0
32,2023-11-05,Delhi,England,Pakistan,Liam Livingstone,131,87,0,21,150.57,8,1,29,3.62,Loss,0
8,2023-10-12,Hyderabad,Netherlands,Australia,Max O'Dowd,81,2,0,4,4050.0,3,2,1,0.33,Win,1
19,2023-10-23,Ahmedabad,Netherlands,Bangladesh,Scott Edwards,82,51,2,9,160.78,2,0,27,13.5,Loss,0
40,2023-11-13,Ahmedabad,South Africa,Afghanistan,Heinrich Klaasen,77,51,15,4,150.98,5,5,58,11.6,Win,0
4,2023-10-08,Dharamsala,Australia,Bangladesh,Marcus Stoinis,89,19,6,13,468.42,2,4,12,6.0,Loss,0
32,2023-11-05,Delhi,England,Pakistan,Chris Woakes,115,38,28,14,302.63,9,1,51,5.67,Loss,0
2,2023-10-06,Kolkata,Australia,Bangladesh,Glenn Maxwell,86,96,0,0,89.58,2,5,1,0.5,Win,0
36,2023-11-09,Bengaluru,Australia,Bangladesh,Steve Smith,42,97,4,6,43.3,2,0,53,26.5,Loss,0
26,2023-10-30,Chennai,Pakistan,New Zealand,Fakhar Zaman,95,39,5,0,243.59,6,1,38,6.33,Win,0
34,2023-11-07,Delhi,New Zealand,England,Devon Conway,5,32,1,0,15.62,1,1,72,72.0,Win,0
41,2023-11-14,Ahmedabad,Pakistan,India,Haris Rauf,145,6,32,22,2416.67,6,1,76,12.67,Win,0
15,2023-10-19,Delhi,South Africa,Sri Lanka,Kagiso Rabada,12,85,1,1,14.12,4,4,44,11.0,Win,0
33,2023-11-06,Chennai,South Africa,Bangladesh,Aiden Markram,80,35,18,3,228.57,3,2,31,10.33,Win,0
13,2023-10-17,Lucknow,Bangladesh,New Zealand,Nasum Ahmed,82,75,0,7,109.33,5,0,14,2.8,Win,0
13,2023-10-17,Lucknow,New Zealand,Bangladesh,Glenn Phillips,36,79,3,6,45.57,10,5,45,4.5,Loss,0
23,2023-10-27,Delhi,Afghanistan,England,Hashmatullah Shahidi,104,76,16,14,136.84,8,0,25,3.12,Loss,0
47,2023-11-20,Bengaluru,England,South Africa,Sam Curran,65,52,10,10,125.0,9,5,54,6.0,Loss,0
46,2023-11-19,Pune,Netherlands,New Zealand,Scott Edwards,81,44,7,5,184.09,1,3,17,17.0,Win,0
15,2023-10-19,Delhi,South Africa,Sri Lanka,Lungi Ngidi,138,63,20,19,219.05,6,4,25,4.17,Win,0
28,2023-11-01,Ahmedabad,England,Afghanistan,Harry Brook,47,49,4,7,95.92,6,1,16,2.67,Win,1
12,2023-10-16,Bengaluru,India,England,Mohammed Siraj,68,33,16,2,206.06,9,3,52,5.78,Loss,0
38,2023-11-11,Hyderabad,India,Netherlands,Ravindra Jadeja,111,78,8,3,142.31,8,2,5,0.62,Win,0
18,2023-10-22,Delhi,New Zealand,England,James Neesham,60,61,1,9,98.36,10,0,38,3.8,Loss,0
47,2023-11-20,Bengaluru,South Africa,England,David Miller,19,57,1,1,33.33,8,3,70,8.75,Win,0
23,2023-10-27,Delhi,Afghanistan,England,Rashid Khan,136,27,33,11,503.7,3,3,14,4.67,Loss,0
39,2023-11-12,Lucknow,India,South Africa,Shreyas Iyer,66,63,13,8,104.76,4,2,41,10.25,Loss,0
32,2023-11-05,Delhi,England,Pakistan,Moeen Ali,104,53,11,14,196.23,1,1,11,11.0,Loss,0
32,2023-11-05,Delhi,Pakistan,England,Hasan Ali,82,58,2,13,141.38,7,2,27,3.86,Win,0
13,2023-10-17,Lucknow,New Zealand,Bangladesh,Daryl Mitchell,98,72,13,13,136.11,9,1,45,5.0,Loss,0
26,2023-10-30,Chennai,Pakistan,New Zealand,Iftikhar Ahmed,14,100,3,1,14.0,0,2,42,0.0,Win,1
26,2023-10-30,Chennai,Pakistan,New Zealand,Shaheen Afridi,131,88,28,18,148.86,5,0,48,9.6,Win,0
28,2023-11-01,Ahmedabad,England,Afghanistan,Sam Curran,82,19,1,8,431.58,2,2,52,26.0,Win,0
40,2023-11-13,Ahmedabad,Afghanistan,South Africa,Azmatullah Omarzai,37,14,7,2,264.29,5,1,77,15.4,Loss,0
42,2023-11-15,Bengaluru,India,Sri Lanka,Mohammed Shami,51,100,4,5,51.0,6,5,45,7.5,Loss,0
40,2023-11-13,Ahmedabad,Afghanistan,South Africa,Hashmatullah Shahidi,0,34,0,0,0.0,8,4,70,8.75,Loss,0
17,2023-10-21,Dharamsala,Bangladesh,Australia,Tanzid Hasan,111,13,8,3,853.85,5,1,57,11.4,Loss,0
24,2023-10-28,Dharamsala,Netherlands,Bangladesh,Scott Edwards,107,33,16,15,324.24,10,4,49,4.9,Win,0
21,2023-10-25,Hyderabad,South Africa,Afghanistan,Lungi Ngidi,147,19,28,9,773.68,1,3,34,34.0,Win,0
47,2023-11-20,Bengaluru,South Africa,England,Temba Bavuma,66,99,11,7,66.67,4,3,38,9.5,Win,0
45,2023-11-18,Kolkata,Australia,England,Josh Hazlewood,51,61,7,5,83.61,10,2,49,4.9,Win,0
32,2023-11-05,Delhi,England,Pakistan,Harry Brook,4,67,1,0,5.97,10,0,14,1.4,Loss,0
42,2023-11-15,Bengaluru,India,Sri Lanka,Hardik Pandya,25,89,1,1,28.09,0,1,52,0.0,Loss,0
9,2023-10-13,Ahmedabad,India,England,Mohammed Siraj,102,84,4,0,121.43,0,2,44,0.0,Loss,0
48,2023-11-21,Chennai,Afghanistan,New Zealand,Hashmatullah Shahidi,114,63,20,19,180.95,7,1,45,6.43,Loss,0
19,2023-10-23,Ahmedabad,Netherlands,Bangladesh,Vikramjit Singh,46,38,4,2,121.05,8,4,52,6.5,Loss,0
6,2023-10-10,Ahmedabad,England,Afghanistan,Harry Brook,61,57,1,10,107.02,7,1,50,7.14,Win,0
39,2023-11-12,Lucknow,South Africa,India,Heinrich Klaasen,115,88,12,2,130.68,0,3,24,0.0,Win,0
2,2023-10-06,Kolkata,Australia,Bangladesh,Marnus Labuschagne,80,59,16,1,135.59,1,3,53,53.0,Win,0
37,2023-11-10,Kolkata,Sri Lanka,Bangladesh,Dasun Shanaka,107,59,25,10,181.36,3,2,67,22.33,Win,0
46,2023-11-19,Pune,Netherlands,New Zealand,Vikramjit Singh,87,75,2,6,116.0,0,0,78,0.0,Win,0
26,2023-10-30,Chennai,New Zealand,Pakistan,Glenn Phillips,122,66,29,14,184.85,6,3,32,5.33,Loss,0
21,2023-10-25,Hyderabad,Afghanistan,South Africa,Rahmat Shah,106,64,26,9,165.62,2,1,5,2.5,Loss,0
35,2023-11-08,Chennai,England,South Africa,Adil Rashid,148,10,13,4,1480.0,1,5,33,33.0,Win,0
4,2023-10-08,Dharamsala,Bangladesh,Australia,Mushfiqur Rahim,95,24,22,13,395.83,4,3,54,13.5,Win,0
13,2023-10-17,Lucknow,New Zealand,Bangladesh,Lockie Ferguson,76,4,10,6,1900.0,9,4,30,3.33,Loss,0
8,2023-10-12,Hyderabad,Australia,Netherlands,Pat Cummins,64,57,2,7,112.28,6,2,71,11.83,Loss,0
18,2023-10-22,Delhi,New Zealand,England,Trent Boult,97,65,9,4,149.23,1,5,56,56.0,Loss,0
32,2023-11-05,Delhi,Pakistan,England,Babar Azam,110,1,11,2,11000.0,10,1,79,7.9,Win,0
35,2023-11-08,Chennai,England,South Africa,Chris Woakes,127,58,11,21,218.97,7,5,35,5.0,Win,0
15,2023-10-19,Delhi,South Africa,Sri Lanka,Tabraiz Shamsi,33,52,1,2,63.46,8,4,51,6.38,Win,0
41,2023-11-14,Ahmedabad,India,Pakistan,Shreyas Iyer,97,58,3,2,167.24,6,1,6,1.0,Loss,0
3,2023-10-07,Chennai,Sri Lanka,Australia,Kusal Mendis,128,58,0,14,220.69,1,5,47,47.0,Loss,0
38,2023-11-11,Hyderabad,Netherlands,India,Bas de Leede,50,43,6,5,116.28,6,5,18,3.0,Loss,0
29,2023-11-02,Delhi,South Africa,Pakistan,David Miller,135,73,31,19,184.93,0,2,63,0.0,Win,0
16,2023-10-20,Lucknow,Sri Lanka,England,Matheesha Pathirana,117,19,22,6,615.79,8,4,7,0.88,Loss,0
6,2023-10-10,Ahmedabad,England,Afghanistan,Chris Woakes,9,5,2,1,180.0,1,4,39,39.0,Win,0
3,2023-10-07,Chennai,Australia,Sri Lanka,Steve Smith,85,23,1,14,369.57,10,1,1,0.1,Win,1
2,2023-10-06,Kolkata,Australia,Bangladesh,Mitchell Starc,92,3,19,11,3066.67,10,3,18,1.8,Win,0
27,2023-10-31,Hyderabad,South Africa,India,Aiden Markram,1,29,0,0,3.45,3,0,25,8.33,Loss,0
39,2023-11-12,Lucknow,India,South Africa,Mohammed Shami,12,92,1,2,13.04,5,2,57,11.4,Loss,0
35,2023-11-08,Chennai,South Africa,England,Lungi Ngidi,39,50,2,3,78.0,2,1,26,13.0,Loss,0
21,2023-10-25,Hyderabad,South Africa,Afghanistan,Heinrich Klaasen,27,21,5,2,128.57,1,3,44,44.0,Win,1
30,2023-11-03,Pune,India,Bangladesh,Shreyas Iyer,19,48,2,2,39.58,7,2,54,7.71,Loss,0
18,2023-10-22,Delhi,England,New Zealand,Adil Rashid,84,72,8,14,116.67,7,1,41,5.86,Win,0
22,2023-10-26,Chennai,Afghanistan,South Africa,Noor Ahmad,146,63,2,4,231.75,6,1,21,3.5,Win,0
15,2023-10-19,Delhi,Sri Lanka,South Africa,Kusal Mendis,34,30,7,1,113.33,5,2,79,15.8,Loss,0
31,2023-11-04,Ahmedabad,India,Pakistan,Shreyas Iyer,75,49,4,3,153.06,8,0,30,3.75,Win,1
14,2023-10-18,Hyderabad,Afghanistan,England,Rahmat Shah,148,8,37,7,1850.0,1,2,43,43.0,Loss,0
34,2023-11-07,Delhi,England,New Zealand,Moeen Ali,143,14,9,6,1021.43,3,3,36,12.0,Loss,0
7,2023-10-11,Ahmedabad,Afghanistan,Pakistan,Noor Ahmad,32,68,5,1,47.06,9,4,73,8.11,Loss,0
32,2023-11-05,Delhi,Pakistan,England,Haris Rauf,114,68,21,16,167.65,10,3,57,5.7,Win,0
25,2023-10-29,Dharamsala,Afghanistan,England,Noor Ahmad,138,56,20,2,246.43,9,2,18,2.0,Loss,0
46,2023-11-19,Pune,Netherlands,New Zealand,Teja Nidamanuru,102,86,17,15,118.6,10,3,17,1.7,Win,0
20,2023-10-24,Delhi,New Zealand,Bangladesh,Devon Conway,84,49,9,10,171.43,5,5,8,1.6,Loss,0
24,2023-10-28,Dharamsala,Bangladesh,Netherlands,Mustafizur Rahman,74,15,8,0,493.33,10,1,70,7.0,Loss,0
39,2023-11-12,Lucknow,India,South Africa,Virat Kohli,3,42,0,0,7.14,9,4,7,0.78,Loss,0
18,2023-10-22,Delhi,England,New Zealand,Jos Buttler,62,49,15,6,126.53,4,3,25,6.25,Win,0
44,2023-11-17,Mumbai,England,Sri Lanka,Liam Livingstone,131,11,25,4,1190.91,6,4,39,6.5,Win,0
12,2023-10-16,Bengaluru,England,India,Sam Curran,98,26,7,3,376.92,6,1,43,7.17,Win,0
40,2023-11-13,Ahmedabad,Afghanistan,South Africa,Rahmanullah Gurbaz,81,50,13,1,162.0,5,2,14,2.8,Loss,0
22,2023-10-26,Chennai,South Africa,Afghanistan,Temba Bavuma,29,57,5,2,50.88,2,1,7,3.5,Loss,0
30,2023-11-03,Pune,India,Bangladesh,KL Rahul,27,69,6,2,39.13,4,2,20,5.0,Loss,0
45,2023-11-18,Kolkata,Australia,England,Glenn Maxwell,18,44,0,3,40.91,4,3,33,8.25,Win,0
48,2023-11-21,Chennai,New Zealand,Afghanistan,Lockie Ferguson,71,5,14,10,1420.0,0,4,2,0.0,Win,0
40,2023-11-13,Ahmedabad,South Africa,Afghanistan,Lungi Ngidi,126,81,2,15,155.56,4,2,46,11.5,Win,0
25,2023-10-29,Dharamsala,England,Afghanistan,Joe Root,26,40,6,4,65.0,3,1,23,7.67,Win,0
27,2023-10-31,Hyderabad,South Africa,India,Marco Jansen,112,45,3,6,248.89,0,0,35,0.0,Loss,0
29,2023-11-02,Delhi,Pakistan,South Africa,Hasan Ali,143,13,34,19,1100.0,10,2,20,2.0,Loss,0
14,2023-10-18,Hyderabad,England,Afghanistan,Joe Root,71,24,15,0,295.83,9,2,36,4.0,Win,0
41,2023-11-14,Ahmedabad,India,Pakistan,Virat Kohli,38,61,9,0,62.3,1,5,29,29.0,Loss,0
11,2023-10-15,Hyderabad,Pakistan,South Africa,Imam-ul-Haq,62,86,5,4,72.09,4,1,71,17.75,Loss,0
40,2023-11-13,Ahmedabad,Afghanistan,South Africa,Rashid Khan,15,50,1,0,30.0,10,0,79,7.9,Loss,0
26,2023-10-30,Chennai,Pakistan,New Zealand,Shadab Khan,115,35,7,13,328.57,9,0,13,1.44,Win,0
27,2023-10-31,Hyderabad,South Africa,India,Kagiso Rabada,105,32,5,15,328.12,5,0,73,14.6,Loss,0
17,2023-10-21,Dharamsala,Australia,Bangladesh,Adam Zampa,107,30,21,6,356.67,2,3,13,6.5,Win,1
11,2023-10-15,Hyderabad,Pakistan,South Africa,Saud Shakeel,63,82,13,5,76.83,10,4,32,3.2,Loss,0
5,2023-10-09,Dharamsala,Sri Lanka,Pakistan,Kasun Rajitha,50,45,12,3,111.11,0,0,31,0.0,Loss,0
43,2023-11-16,Ahmedabad,Afghanistan,Sri Lanka,Azmatullah Omarzai,86,79,12,6,108.86,0,5,47,0.0,Loss,0
24,2023-10-28,Dharamsala,Netherlands,Bangladesh,Colin Ackermann,14,96,0,1,14.58,4,5,68,17.0,Win,0
48,2023-11-21,Chennai,New Zealand,Afghanistan,Trent Boult,9,76,1,0,11.84,0,5,48,0.0,Win,0
3,2023-10-07,Chennai,Australia,Sri Lanka,Pat Cummins,85,51,21,9,166.67,9,5,48,5.33,Win,0
5,2023-10-09,Dharamsala,Sri Lanka,Pakistan,Sadeera Samarawickrama,46,25,1,1,184.0,7,5,4,0.57,Loss,0
41,2023-11-14,Ahmedabad,India,Pakistan,Kuldeep Yadav,112,24,14,6,466.67,2,5,62,31.0,Loss,0
33,2023-11-06,Chennai,Bangladesh,South Africa,Shakib Al Hasan,122,72,30,8,169.44,6,1,55,9.17,Loss,0
21,2023-10-25,Hyderabad,Afghanistan,South Africa,Fazalhaq Farooqi,43,11,6,3,390.91,2,0,62,31.0,Loss,0
15,2023-10-19,Delhi,Sri Lanka,South Africa,Charith Asalanka,90,2,2,1,4500.0,3,1,9,3.0,Loss,0
44,2023-11-17,Mumbai,England,Sri Lanka,Adil Rashid,150,16,29,3,937.5,7,4,24,3.43,Win,1
26,2023-10-30,Chennai,New Zealand,Pakistan,Trent Boult,104,57,7,9,182.46,0,1,5,0.0,Loss,0
25,2023-10-29,Dharamsala,Afghanistan,England,Hashmatullah Shahidi,147,94,34,2,156.38,0,2,77,0.0,Loss,0
12,2023-10-16,Bengaluru,India,England,Shubman Gill,40,62,5,3,64.52,7,0,1,0.14,Loss,0
33,2023-11-06,Chennai,South Africa,Bangladesh,Marco Jansen,57,14,4,3,407.14,7,2,79,11.29,Win,0
20,2023-10-24,Delhi,Bangladesh,New Zealand,Nasum Ahmed,48,46,0,7,104.35,10,3,38,3.8,Win,0
5,2023-10-09,Dharamsala,Pakistan,Sri Lanka,Imam-ul-Haq,65,75,6,5,86.67,1,5,49,49.0,Win,0
15,2023-10-19,Delhi,South Africa,Sri Lanka,Temba Bavuma,30,5,2,1,600.0,9,0,1,0.11,Win,0
3,2023-10-07,Chennai,Sri Lanka,Australia,Dasun Shanaka,143,90,25,15,158.89,4,3,32,8.0,Loss,0
29,2023-11-02,Delhi,South Africa,Pakistan,Lungi Ngidi,7,59,0,1,11.86,10,1,75,7.5,Win,0
41,2023-11-14,Ahmedabad,India,Pakistan,Mohammed Siraj,37,14,6,0,264.29,7,5,66,9.43,Loss,0
47,2023-11-20,Bengaluru,England,South Africa,Mark Wood,98,81,8,1,120.99,8,4,51,6.38,Loss,0
33,2023-11-06,Chennai,South Africa,Bangladesh,Heinrich Klaasen,121,48,11,7,252.08,7,4,16,2.29,Win,1
11,2023-10-15,Hyderabad,South Africa,Pakistan,Tabraiz Shamsi,144,93,7,14,154.84,10,5,49,4.9,Win,0
8,2023-10-12,Hyderabad,Netherlands,Australia,Sybrand Engelbrecht,3,26,0,0,11.54,9,4,36,4.0,Win,0
21,2023-10-25,Hyderabad,South Africa,Afghanistan,Temba Bavuma,1,93,0,0,1.08,5,2,15,3.0,Win,0
35,2023-11-08,Chennai,South Africa,England,David Miller,106,88,0,10,120.45,6,4,3,0.5,Loss,0
4,2023-10-08,Dharamsala,Australia,Bangladesh,Glenn Maxwell,131,36,5,18,363.89,5,2,73,14.6,Loss,0
12,2023-10-16,Bengaluru,India,England,Ravindra Jadeja,117,84,27,10,139.29,4,4,75,18.75,Loss,0
16,2023-10-20,Lucknow,England,Sri Lanka,Harry Brook,108,51,23,2,211.76,7,0,4,0.57,Win,0
8,2023-10-12,Hyderabad,Australia,Netherlands,Steve Smith,122,56,18,16,217.86,7,2,17,2.43,Loss,0
31,2023-11-04,Ahmedabad,India,Pakistan,Mohammed Siraj,93,21,15,6,442.86,0,2,14,0.0,Win,0
29,2023-11-02,Delhi,Pakistan,South Africa,Saud Shakeel,27,8,0,4,337.5,5,5,20,4.0,Loss,0
18,2023-10-22,Delhi,England,New Zealand,Harry Brook,43,97,9,3,44.33,2,5,38,19.0,Win,0
7,2023-10-11,Ahmedabad,Afghanistan,Pakistan,Naveen-ul-Haq,14,29,3,0,48.28,3,3,44,14.67,Loss,0
21,2023-10-25,Hyderabad,Afghanistan,South Africa,Naveen-ul-Haq,23,99,4,2,23.23,1,2,50,50.0,Loss,0
6,2023-10-10,Ahmedabad,Afghanistan,England,Hashmatullah Shahidi,46,56,5,5,82.14,9,3,77,8.56,Loss,0
2,2023-10-06,Kolkata,Australia,Bangladesh,Alex Carey,122,17,30,5,717.65,7,4,69,9.86,Win,0
32,2023-11-05,Delhi,England,Pakistan,Ben Stokes,117,73,25,19,160.27,7,1,66,9.43,Loss,0
27,2023-10-31,Hyderabad,South Africa,India,Quinton de Kock,52,34,5,2,152.94,5,2,9,1.8,Loss,0
1,2023-10-05,Kolkata,Afghanistan,Australia,Noor Ahmad,133,54,3,21,246.3,1,1,43,43.0,Win,0
30,2023-11-03,Pune,Bangladesh,India,Mustafizur Rahman,146,11,33,17,1327.27,6,3,57,9.5,Win,0
5,2023-10-09,Dharamsala,Pakistan,Sri Lanka,Babar Azam,117,3,26,17,3900.0,0,5,4,0.0,Win,0
20,2023-10-24,Delhi,New Zealand,Bangladesh,Rachin Ravindra,10,19,2,0,52.63,0,3,18,0.0,Loss,0
30,2023-11-03,Pune,India,Bangladesh,Mohammed Siraj,92,46,13,1,200.0,3,1,32,10.67,Loss,0
17,2023-10-21,Dharamsala,Bangladesh,Australia,Shoriful Islam,59,19,0,2,310.53,5,4,75,15.0,Loss,0
37,2023-11-10,Kolkata,Sri Lanka,Bangladesh,Kasun Rajitha,118,49,8,12,240.82,5,4,68,13.6,Win,0
4,2023-10-08,Dharamsala,Bangladesh,Australia,Najmul Hossain Shanto,113,75,28,3,150.67,8,4,35,4.38,Win,0
39,2023-11-12,Lucknow,India,South Africa,Shubman Gill,68,5,14,1,1360.0,1,4,12,12.0,Loss,0
8,2023-10-12,Hyderabad,Netherlands,Australia,Scott Edwards,8,40,1,0,20.0,8,0,21,2.62,Win,0
4,2023-10-08,Dharamsala,Bangladesh,Australia,Taskin Ahmed,18,49,3,3,36.73,8,2,75,9.38,Win,0
2,2023-10-06,Kolkata,Australia,Bangladesh,Josh Hazlewood,89,67,18,3,132.84,6,3,32,5.33,Win,0
5,2023-10-09,Dharamsala,Pakistan,Sri Lanka,Shadab Khan,33,6,4,1,550.0,10,2,74,7.4,Win,0
48,2023-11-21,Chennai,Afghanistan,New Zealand,Ibrahim Zadran,65,54,5,9,120.37,9,5,45,5.0,Loss,0
16,2023-10-20,Lucknow,England,Sri Lanka,Liam Livingstone,142,83,6,18,171.08,2,2,57,28.5,Win,0
18,2023-10-22,Delhi,England,New Zealand,Ben Stokes,25,63,1,0,39.68,7,5,2,0.29,Win,0
40,2023-11-13,Ahmedabad,South Africa,Afghanistan,Kagiso Rabada,41,33,1,6,124.24,3,4,58,19.33,Win,0
1,2023-10-05,Kolkata,Australia,Afghanistan,David Warner,123,41,28,14,300.0,0,0,70,0.0,Loss,0
35,2023-11-08,Chennai,South Africa,England,Tabraiz Shamsi,112,54,1,16,207.41,1,3,53,53.0,Loss,0
13,2023-10-17,Lucknow,Bangladesh,New Zealand,Mahmudullah,71,89,13,3,79.78,0,0,18,0.0,Win,0
18,2023-10-22,Delhi,England,New Zealand,Moeen Ali,22,89,2,1,24.72,10,2,68,6.8,Win,0
25,2023-10-29,Dharamsala,England,Afghanistan,Jonny Bairstow,67,15,2,4,446.67,0,2,23,0.0,Win,0
7,2023-10-11,Ahmedabad,Afghanistan,Pakistan,Mujeeb Ur Rahman,37,57,0,4,64.91,4,2,54,13.5,Loss,0
18,2023-10-22,Delhi,England,New Zealand,Joe Root,115,92,13,8,125.0,7,1,27,3.86,Win,0
30,2023-11-03,Pune,Bangladesh,India,Mehidy Hasan,7,79,0,0,8.86,3,3,52,17.33,Win,0
27,2023-10-31,Hyderabad,India,South Africa,Mohammed Siraj,87,68,14,0,127.94,6,2,77,12.83,Win,1
11,2023-10-15,Hyderabad,South Africa,Pakistan,Kagiso Rabada,123,38,14,1,323.68,2,0,24,12.0,Win,0
6,2023-10-10,Ahmedabad,England,Afghanistan,Jonny Bairstow,93,75,23,6,124.0,8,2,30,3.75,Win,0
10,2023-10-14,Lucknow,England,Bangladesh,Jonny Bairstow,59,48,12,4,122.92,0,1,39,0.0,Loss,0
46,2023-11-19,Pune,New Zealand,Netherlands,Glenn Phillips,117,63,9,9,185.71,10,3,72,7.2,Loss,0
35,2023-11-08,Chennai,South Africa,England,Marco Jansen,70,26,14,1,269.23,0,0,74,0.0,Loss,0
47,2023-11-20,Bengaluru,England,South Africa,Joe Root,2,86,0,0,2.33,5,1,50,10.0,Loss,0
47,2023-11-20,Bengaluru,South Africa,England,Tabraiz Shamsi,43,82,6,0,52.44,5,5,34,6.8,Win,0
40,2023-11-13,Ahmedabad,Afghanistan,South Africa,Ibrahim Zadran,49,36,6,7,136.11,2,5,46,23.0,Loss,0
5,2023-10-09,Dharamsala,Sri Lanka,Pakistan,Matheesha Pathirana,33,92,7,1,35.87,9,1,53,5.89,Loss,0
40,2023-11-13,Ahmedabad,South Africa,Afghanistan,Marco Jansen,55,68,2,2,80.88,5,4,6,1.2,Win,0
3,2023-10-07,Chennai,Sri Lanka,Australia,Sadeera Samarawickrama,88,1,15,12,8800.0,6,4,21,3.5,Loss,0
11,2023-10-15,Hyderabad,Pakistan,South Africa,Shadab Khan,144,76,31,14,189.47,5,5,19,3.8,Loss,0
45,2023-11-18,Kolkata,Australia,England,Marnus Labuschagne,76,19,12,1,400.0,3,3,51,17.0,Win,0
35,2023-11-08,Chennai,South Africa,England,Gerald Coetzee,91,96,0,14,94.79,4,1,70,17.5,Loss,0
24,2023-10-28,Dharamsala,Bangladesh,Netherlands,Taskin Ahmed,89,9,22,4,988.89,7,3,49,7.0,Loss,0
5,2023-10-09,Dharamsala,Pakistan,Sri Lanka,Fakhar Zaman,56,17,14,6,329.41,4,4,13,3.25,Win,0
26,2023-10-30,Chennai,Pakistan,New Zealand,Hasan Ali,94,68,11,6,138.24,1,5,56,56.0,Win,0
22,2023-10-26,Chennai,South Africa,Afghanistan,David Miller,98,72,2,13,136.11,1,4,60,60.0,Loss,0
4,2023-10-08,Dharamsala,Bangladesh,Australia,Mehidy Hasan,112,62,19,15,180.65,8,5,12,1.5,Win,0
47,2023-11-20,Bengaluru,England,South Africa,Moeen Ali,133,83,4,9,160.24,8,2,76,9.5,Loss,0
31,2023-11-04,Ahmedabad,Pakistan,India,Hasan Ali,89,14,21,3,635.71,6,0,76,12.67,Loss,0
44,2023-11-17,Mumbai,England,Sri Lanka,Sam Curran,98,69,1,13,142.03,1,4,57,57.0,Win,0
16,2023-10-20,Lucknow,England,Sri Lanka,Moeen Ali,147,21,30,13,700.0,3,2,51,17.0,Win,0
36,2023-11-09,Bengaluru,Bangladesh,Australia,Shakib Al Hasan,136,20,18,15,680.0,6,2,11,1.83,Win,0
28,2023-11-01,Ahmedabad,Afghanistan,England,Rahmat Shah,60,63,9,3,95.24,7,0,54,7.71,Loss,0
28,2023-11-01,Ahmedabad,Afghanistan,England,Mujeeb Ur Rahman,126,86,8,14,146.51,4,4,31,7.75,Loss,0
38,2023-11-11,Hyderabad,India,Netherlands,Kuldeep Yadav,24,18,5,4,133.33,10,5,27,2.7,Win,0
13,2023-10-17,Lucknow,New Zealand,Bangladesh,Matt Henry,34,8,3,5,425.0,1,1,48,48.0,Loss,0
46,2023-11-19,Pune,New Zealand,Netherlands,Devon Conway,115,20,5,4,575.0,7,4,17,2.43,Loss,0
26,2023-10-30,Chennai,Pakistan,New Zealand,Haris Rauf,82,65,4,10,126.15,5,4,63,12.6,Win,0
28,2023-11-01,Ahmedabad,England,Afghanistan,Mark Wood,107,51,21,8,209.8,6,5,28,4.67,Win,0
37,2023-11-10,Kolkata,Sri Lanka,Bangladesh,Dilshan Madushanka,84,55,15,14,152.73,6,3,50,8.33,Win,0
18,2023-10-22,Delhi,New Zealand,England,Matt Henry,65,74,1,2,87.84,6,5,75,12.5,Loss,0
28,2023-11-01,Ahmedabad,England,Afghanistan,Liam Livingstone,57,49,6,4,116.33,0,0,61,0.0,Win,0
1,2023-10-05,Kolkata,Australia,Afghanistan,Josh Hazlewood,65,42,12,8,154.76,4,5,27,6.75,Loss,0
3,2023-10-07,Chennai,Sri Lanka,Australia,Matheesha Pathirana,83,24,11,1,345.83,2,3,32,16.0,Loss,0
44,2023-11-17,Mumbai,Sri Lanka,England,Dhananjaya de Silva,17,47,0,0,36.17,1,3,34,34.0,Loss,0
42,2023-11-15,Bengaluru,India,Sri Lanka,Rohit Sharma,145,55,28,23,263.64,9,4,16,1.78,Loss,0
31,2023-11-04,Ahmedabad,India,Pakistan,Jasprit Bumrah,95,93,13,13,102.15,1,4,42,42.0,Win,0
22,2023-10-26,Chennai,Afghanistan,South Africa,Ibrahim Zadran,63,91,4,1,69.23,10,5,44,4.4,Win,0
20,2023-10-24,Delhi,New Zealand,Bangladesh,Tom Latham,75,72,7,12,104.17,4,4,11,2.75,Loss,0
22,2023-10-26,Chennai,Afghanistan,South Africa,Hashmatullah Shahidi,19,41,1,3,46.34,5,0,18,3.6,Win,0
43,2023-11-16,Ahmedabad,Sri Lanka,Afghanistan,Matheesha Pathirana,19,88,0,0,21.59,9,5,37,4.11,Win,0
32,2023-11-05,Delhi,Pakistan,England,Mohammad Nawaz,12,52,1,0,23.08,8,3,59,7.38,Win,0
14,2023-10-18,Hyderabad,England,Afghanistan,Moeen Ali,48,99,11,1,48.48,0,4,21,0.0,Win,0
4,2023-10-08,Dharamsala,Bangladesh,Australia,Tanzid Hasan,89,34,18,8,261.76,6,3,57,9.5,Win,1
45,2023-11-18,Kolkata,England,Australia,Harry Brook,120,98,8,13,122.45,3,4,40,13.33,Loss,0
17,2023-10-21,Dharamsala,Bangladesh,Australia,Shakib Al Hasan,74,16,18,6,462.5,5,2,57,11.4,Loss,0
9,2023-10-13,Ahmedabad,England,India,Harry Brook,108,98,8,1,110.2,4,0,72,18.0,Win,1
17,2023-10-21,Dharamsala,Bangladesh,Australia,Mushfiqur Rahim,131,4,19,9,3275.0,7,5,25,3.57,Loss,0
17,2023-10-21,Dharamsala,Australia,Bangladesh,Mitchell Starc,128,24,5,8,533.33,5,5,59,11.8,Win,0
5,2023-10-09,Dharamsala,Pakistan,Sri Lanka,Mohammad Nawaz,95,67,17,12,141.79,9,2,18,2.0,Win,0
29,2023-11-02,Delhi,South Africa,Pakistan,Rassie van der Dussen,63,40,10,6,157.5,3,2,59,19.67,Win,0
34,2023-11-07,Delhi,New Zealand,England,Kane Williamson,5,63,0,0,7.94,9,2,42,4.67,Win,0
25,2023-10-29,Dharamsala,Afghanistan,England,Mohammad Nabi,113,1,25,12,11300.0,3,3,9,3.0,Loss,0
14,2023-10-18,Hyderabad,Afghanistan,England,Fazalhaq Farooqi,31,33,4,3,93.94,5,3,13,2.6,Loss,0
30,2023-11-03,Pune,India,Bangladesh,Shubman Gill,84,10,18,8,840.0,3,4,28,9.33,Loss,0
15,2023-10-19,Delhi,South Africa,Sri Lanka,David Miller,115,63,28,2,182.54,6,2,13,2.17,Win,0
48,2023-11-21,Chennai,New Zealand,Afghanistan,Glenn Phillips,65,91,3,10,71.43,1,2,64,64.0,Win,0
28,2023-11-01,Ahmedabad,Afghanistan,England,Rahmanullah Gurbaz,108,47,19,18,229.79,2,3,68,34.0,Loss,0
48,2023-11-21,Chennai,Afghanistan,New Zealand,Rahmat Shah,138,72,7,0,191.67,4,5,20,5.0,Loss,0
27,2023-10-31,Hyderabad,India,South Africa,Mohammed Shami,113,37,14,17,305.41,1,5,10,10.0,Win,0
34,2023-11-07,Delhi,New Zealand,England,Daryl Mitchell,144,96,3,3,150.0,0,0,4,0.0,Win,0
20,2023-10-24,Delhi,New Zealand,Bangladesh,Matt Henry,83,97,11,9,85.57,2,0,38,19.0,Loss,0
2,2023-10-06,Kolkata,Bangladesh,Australia,Najmul Hossain Shanto,36,32,6,0,112.5,8,2,18,2.25,Loss,0
15,2023-10-19,Delhi,Sri Lanka,South Africa,Kusal Perera,100,12,14,16,833.33,9,5,44,4.89,Loss,0
37,2023-11-10,Kolkata,Bangladesh,Sri Lanka,Mahmudullah,0,71,0,0,0.0,1,0,60,60.0,Loss,0
6,2023-10-10,Ahmedabad,Afghanistan,England,Ibrahim Zadran,93,63,15,12,147.62,0,1,35,0.0,Loss,0
25,2023-10-29,Dharamsala,England,Afghanistan,Adil Rashid,75,38,18,3,197.37,8,4,12,1.5,Win,0
3,2023-10-07,Chennai,Sri Lanka,Australia,Pathum Nissanka,12,30,2,0,40.0,7,2,57,8.14,Loss,0
9,2023-10-13,Ahmedabad,India,England,Rohit Sharma,46,32,9,7,143.75,6,0,22,3.67,Loss,0
1,2023-10-05,Kolkata,Afghanistan,Australia,Rahmanullah Gurbaz,87,100,7,7,87.0,2,5,52,26.0,Win,0
16,2023-10-20,Lucknow,England,Sri Lanka,Joe Root,78,17,12,2,458.82,4,3,64,16.0,Win,0
2,2023-10-06,Kolkata,Australia,Bangladesh,Marcus Stoinis,52,44,9,5,118.18,6,3,54,9.0,Win,1
37,2023-11-10,Kolkata,Bangladesh,Sri Lanka,Taskin Ahmed,26,32,5,0,81.25,1,3,28,28.0,Loss,0
31,2023-11-04,Ahmedabad,India,Pakistan,KL Rahul,83,22,3,12,377.27,9,1,48,5.33,Win,0
29,2023-11-02,Delhi,Pakistan,South Africa,Fakhar Zaman,60,1,13,4,6000.0,9,5,12,1.33,Loss,0
23,2023-10-27,Delhi,England,Afghanistan,Joe Root,98,47,15,13,208.51,2,3,70,35.0,Win,0
13,2023-10-17,Lucknow,New Zealand,Bangladesh,Devon Conway,64,76,6,4,84.21,2,3,32,16.0,Loss,0
30,2023-11-03,Pune,India,Bangladesh,Hardik Pandya,11,50,1,0,22.0,9,3,37,4.11,Loss,0
43,2023-11-16,Ahmedabad,Afghanistan,Sri Lanka,Hashmatullah Shahidi,148,28,35,7,528.57,1,1,72,72.0,Loss,0
21,2023-10-25,Hyderabad,Afghanistan,South Africa,Hashmatullah Shahidi,58,15,4,9,386.67,4,1,36,9.0,Loss,0
41,2023-11-14,Ahmedabad,Pakistan,India,Mohammad Rizwan,25,80,3,0,31.25,3,1,63,21.0,Win,0
1,2023-10-05,Kolkata,Afghanistan,Australia,Ibrahim Zadran,1,88,0,0,1.14,5,1,63,12.6,Win,0
27,2023-10-31,Hyderabad,India,South Africa,Kuldeep Yadav,81,56,20,1,144.64,9,2,59,6.56,Win,0
8,2023-10-12,Hyderabad,Netherlands,Australia,Paul van Meekeren,97,12,12,6,808.33,9,4,16,1.78,Win,0
40,2023-11-13,Ahmedabad,South Africa,Afghanistan,Tabraiz Shamsi,98,14,15,16,700.0,7,3,22,3.14,Win,0
8,2023-10-12,Hyderabad,Australia,Netherlands,Alex Carey,123,97,22,17,126.8,6,4,7,1.17,Loss,0
25,2023-10-29,Dharamsala,Afghanistan,England,Fazalhaq Farooqi,108,60,6,14,180.0,6,1,39,6.5,Loss,0
3,2023-10-07,Chennai,Australia,Sri Lanka,Glenn Maxwell,25,99,1,0,25.25,7,4,59,8.43,Win,0
1,2023-10-05,Kolkata,Afghanistan,Australia,Rashid Khan,129,84,27,14,153.57,6,3,7,1.17,Win,0
33,2023-11-06,Chennai,South Africa,Bangladesh,Temba Bavuma,25,47,4,1,53.19,3,5,69,23.0,Win,0
12,2023-10-16,Bengaluru,India,England,Hardik Pandya,19,8,2,3,237.5,0,0,63,0.0,Loss,0
2,2023-10-06,Kolkata,Bangladesh,Australia,Mahmudullah,92,18,13,1,511.11,1,5,34,34.0,Loss,0
15,2023-10-19,Delhi,Sri Lanka,South Africa,Dasun Shanaka,94,14,0,13,671.43,5,5,51,10.2,Loss,0
44,2023-11-17,Mumbai,England,Sri Lanka,Mark Wood,11,69,1,1,15.94,5,3,55,11.0,Win,0
10,2023-10-14,Lucknow,England,Bangladesh,Moeen Ali,99,63,5,6,157.14,4,2,44,11.0,Loss,0
9,2023-10-13,Ahmedabad,England,India,Jonny Bairstow,112,59,6,7,189.83,2,5,54,27.0,Win,0
14,2023-10-18,Hyderabad,England,Afghanistan,Sam Curran,108,36,7,4,300.0,0,3,2,0.0,Win,0
5,2023-10-09,Dharamsala,Pakistan,Sri Lanka,Mohammad Rizwan,97,82,14,1,118.29,3,0,37,12.33,Win,1
22,2023-10-26,Chennai,South Africa,Afghanistan,Kagiso Rabada,110,31,27,1,354.84,6,2,7,1.17,Loss,0
45,2023-11-18,Kolkata,England,Australia,Mark Wood,125,95,14,14,131.58,7,2,42,6.0,Loss,0
4,2023-10-08,Dharamsala,Bangladesh,Australia,Mustafizur Rahman,8,71,1,0,11.27,3,2,15,5.0,Win,0
18,2023-10-22,Delhi,England,New Zealand,Chris Woakes,59,84,5,1,70.24,6,2,2,0.33,Win,0
19,2023-10-23,Ahmedabad,Bangladesh,Netherlands,Litton Das,20,30,4,1,66.67,3,3,58,19.33,Win,0
22,2023-10-26,Chennai,South Africa,Afghanistan,Lungi Ngidi,119,55,26,6,216.36,4,0,16,4.0,Loss,0
39,2023-11-12,Lucknow,South Africa,India,Temba Bavuma,30,21,1,4,142.86,0,3,16,0.0,Win,0
14,2023-10-18,Hyderabad,Afghanistan,England,Ibrahim Zadran,12,49,3,1,24.49,4,3,26,6.5,Loss,0
27,2023-10-31,Hyderabad,South Africa,India,Gerald Coetzee,82,1,9,3,8200.0,8,4,45,5.62,Loss,0
6,2023-10-10,Ahmedabad,Afghanistan,England,Azmatullah Omarzai,129,26,13,18,496.15,6,2,22,3.67,Loss,0
34,2023-11-07,Delhi,New Zealand,England,Rachin Ravindra,34,22,0,3,154.55,5,2,76,15.2,Win,0
39,2023-11-12,Lucknow,South Africa,India,Tabraiz Shamsi,17,60,3,0,28.33,8,3,62,7.75,Win,0
33,2023-11-06,Chennai,Bangladesh,South Africa,Litton Das,54,37,7,5,145.95,4,0,58,14.5,Loss,0
36,2023-11-09,Bengaluru,Australia,Bangladesh,Mitchell Starc,110,1,16,1,11000.0,3,5,7,2.33,Loss,0
46,2023-11-19,Pune,New Zealand,Netherlands,Rachin Ravindra,108,98,20,15,110.2,6,5,76,12.67,Loss,0
35,2023-11-08,Chennai,England,South Africa,Jonny Bairstow,41,40,0,4,102.5,7,0,41,5.86,Win,0
13,2023-10-17,Lucknow,Bangladesh,New Zealand,Mehidy Hasan,30,80,5,4,37.5,4,0,61,15.25,Win,0
42,2023-11-15,Bengaluru,Sri Lanka,India,Kasun Rajitha,129,96,23,8,134.38,3,0,16,5.33,Win,0
10,2023-10-14,Lucknow,Bangladesh,England,Mustafizur Rahman,67,14,4,1,478.57,10,0,55,5.5,Win,0
44,2023-11-17,Mumbai,Sri Lanka,England,Sadeera Samarawickrama,31,26,0,2,119.23,6,1,56,9.33,Loss,0
12,2023-10-16,Bengaluru,England,India,Jos Buttler,131,6,21,2,2183.33,8,3,13,1.62,Win,0
45,2023-11-18,Kolkata,England,Australia,Chris Woakes,58,73,3,6,79.45,6,1,48,8.0,Loss,0
26,2023-10-30,Chennai,New Zealand,Pakistan,Matt Henry,57,69,11,8,82.61,4,1,40,10.0,Loss,0
1,2023-10-05,Kolkata,Australia,Afghanistan,Glenn Maxwell,98,44,7,2,222.73,0,2,46,0.0,Loss,0
46,2023-11-19,Pune,New Zealand,Netherlands,Matt Henry,28,73,3,2,38.36,7,5,68,9.71,Loss,0
45,2023-11-18,Kolkata,England,Australia,Adil Rashid,89,49,5,6,181.63,5,3,48,9.6,Loss,0
22,2023-10-26,Chennai,South Africa,Afghanistan,Tabraiz Shamsi,12,21,2,0,57.14,2,0,24,12.0,Loss,0
25,2023-10-29,Dharamsala,England,Afghanistan,Jos Buttler,115,93,7,8,123.66,2,5,27,13.5,Win,0
24,2023-10-28,Dharamsala,Bangladesh,Netherlands,Mushfiqur Rahim,134,100,8,10,134.0,7,0,71,10.14,Loss,0
48,2023-11-21,Chennai,New Zealand,Afghanistan,James Neesham,98,35,6,0,280.0,8,2,66,8.25,Win,0
21,2023-10-25,Hyderabad,South Africa,Afghanistan,Kagiso Rabada,6,68,0,1,8.82,0,0,46,0.0,Win,0
39,2023-11-12,Lucknow,South Africa,India,Kagiso Rabada,145,34,24,12,426.47,5,4,69,13.8,Win,1
44,2023-11-17,Mumbai,England,Sri Lanka,Joe Root,25,90,3,3,27.78,8,4,12,1.5,Win,0
45,2023-11-18,Kolkata,Australia,England,Steve Smith,83,79,15,4,105.06,4,0,36,9.0,Win,0
38,2023-11-11,Hyderabad,India,Netherlands,Mohammed Shami,145,59,27,18,245.76,7,2,31,4.43,Win,0
3,2023-10-07,Chennai,Australia,Sri Lanka,Travis Head,53,58,2,7,91.38,7,1,31,4.43,Win,0
23,2023-10-27,Delhi,Afghanistan,England,Naveen-ul-Haq,100,33,23,11,303.03,10,0,67,6.7,Loss,0
5,2023-10-09,Dharamsala,Pakistan,Sri Lanka,Iftikhar Ahmed,131,10,16,9,1310.0,0,3,68,0.0,Win,0
35,2023-11-08,Chennai,South Africa,England,Temba Bavuma,125,75,4,3,166.67,1,4,41,41.0,Loss,0
29,2023-11-02,Delhi,Pakistan,South Africa,Babar Azam,139,90,22,17,154.44,0,5,37,0.0,Loss,0
6,2023-10-10,Ahmedabad,Afghanistan,England,Rashid Khan,118,28,9,6,421.43,8,0,43,5.38,Loss,0
35,2023-11-08,Chennai,England,South Africa,Ben Stokes,40,80,1,1,50.0,8,1,11,1.38,Win,0
27,2023-10-31,Hyderabad,South Africa,India,Heinrich Klaasen,9,53,2,0,16.98,5,2,47,9.4,Loss,0
25,2023-10-29,Dharamsala,Afghanistan,England,Mujeeb Ur Rahman,144,22,33,23,654.55,8,4,67,8.38,Loss,0
19,2023-10-23,Ahmedabad,Bangladesh,Netherlands,Taskin Ahmed,22,48,5,0,45.83,4,3,10,2.5,Win,0
37,2023-11-10,Kolkata,Sri Lanka,Bangladesh,Kusal Perera,69,44,7,7,156.82,5,2,17,3.4,Win,0
31,2023-11-04,Ahmedabad,Pakistan,India,Fakhar Zaman,129,31,10,13,416.13,4,5,9,2.25,Loss,0
10,2023-10-14,Lucknow,Bangladesh,England,Mahmudullah,119,6,4,4,1983.33,5,0,8,1.6,Win,0
47,2023-11-20,Bengaluru,South Africa,England,Rassie van der Dussen,39,80,2,2,48.75,7,4,10,1.43,Win,0
23,2023-10-27,Delhi,England,Afghanistan,Sam Curran,137,35,24,2,391.43,5,0,11,2.2,Win,0
38,2023-11-11,Hyderabad,Netherlands,India,Vikramjit Singh,12,69,0,1,17.39,1,1,65,65.0,Loss,0
26,2023-10-30,Chennai,New Zealand,Pakistan,Rachin Ravindra,133,97,4,13,137.11,4,5,58,14.5,Loss,0
15,2023-10-19,Delhi,Sri Lanka,South Africa,Dhananjaya de Silva,24,66,0,4,36.36,5,0,35,7.0,Loss,0
29,2023-11-02,Delhi,Pakistan,South Africa,Mohammad Nawaz,90,96,9,2,93.75,10,2,14,1.4,Loss,0
1,2023-10-05,Kolkata,Afghanistan,Australia,Mohammad Nabi,88,60,13,1,146.67,9,0,52,5.78,Win,0
4,2023-10-08,Dharamsala,Bangladesh,Australia,Litton Das,34,87,0,1,39.08,7,4,25,3.57,Win,0
31,2023-11-04,Ahmedabad,Pakistan,India,Saud Shakeel,21,13,0,3,161.54,1,2,75,75.0,Loss,0
44,2023-11-17,Mumbai,Sri Lanka,England,Kusal Perera,125,39,23,0,320.51,10,1,55,5.5,Loss,0
39,2023-11-12,Lucknow,South Africa,India,David Miller,125,98,24,15,127.55,1,4,18,18.0,Win,0
